ID_VIA_ORIGINE,DESCRIZIONE_ESTESA
490091320,"BORGO DEI CAPPUCCINI"
490093660,"BORGO SANT'JACOPO"
490096481,"CALA DELLO SCALO"
490090190,"CORSO AMEDEO"
490094550,"CORSO GIUSEPPE MAZZINI"
490092565,"ERTA VIA ERTA EGILORA"
490097505,"L.GO DELLE VITTIME DELLE FOIBE"
490092925,"LARGO ANNA FRANCHI"
490090740,"LARGO BELLAVISTA"
490090645,"LARGO CHRISTIAN BARTOLI"
490096172,"LARGO DEI RISICATORI"
490097180,"LARGO DEI VALDESI"
490091840,"LARGO DEL CISTERNINO"
490092530,"LARGO DEL DUOMO"
490092345,"LARGO DIVO DEMI"
490095067,"LARGO DON ALFREDO NESI"
490092580,"LARGO EM. FILIBERTO DI SAVOIA"
490092632,"LARGO EUROPA"
490096270,"LARGO FRATELLI ROSSELLI"
490094615,"LARGO GIGANTE"
490094640,"LARGO MERCATO ORTOFRUTTICOLO"
490100015,"LARGO NELLA VERA FUNARO"
490095575,"LARGO PETROLINI"
490095066,"LARGO TITO NERI"
490094460,"LARGO TOMMASO MASERA"
490097260,"LARGO VITTORIO VATURI"
490097503,"P.LE VITTIME DELLA MOBY PRINCE"
490094780,"P.ZZA GIUS.EMANUELE MODIGLIANI"
490093670,"P.ZZA SANT'JACOPO IN ACQUAVIVA"
490093885,"PIAZZA ALDO LI GOBBI"
490094935,"PIAZZA ALDO MORO"
490096560,"PIAZZA ALFREDO SFORZINI"
490096570,"PIAZZA ANDREA SGARALLINO"
490093110,"PIAZZA ANITA GARIBALDI"
490090395,"PIAZZA ATLETI AZZURRI D'ITALIA"
490090400,"PIAZZA ATTIAS"
490090600,"PIAZZA BARRIERA GARIBALDI"
490091620,"PIAZZA CAVOUR"
490091665,"PIAZZA CENTOTTANTACINQUE REGGIMENTO ART. FOLGORE"
490091970,"PIAZZA COLONNELLA"
490091740,"PIAZZA DAMIANO CHIESA"
490092230,"PIAZZA DANTE"
490092470,"PIAZZA DEI DOMENICANI"
490093820,"PIAZZA DEI LEGNAMI"
490094740,"PIAZZA DEI MILLE"
490091510,"PIAZZA DEL CASTELLO"
490091850,"PIAZZA DEL CISTERNONE"
490092775,"PIAZZA DEL FIORE"
490094040,"PIAZZA DEL LUOGO PIO"
490094635,"PIAZZA DEL MERCATINO"
490094980,"PIAZZA DEL MUNICIPIO"
490095360,"PIAZZA DEL PAMIGLIONE"
490095920,"PIAZZA DEL PORTUALE"
490090360,"PIAZZA DELL'ARSENALE"
490097170,"PIAZZA DELL'UNITA D'ITALIA"
490096100,"PIAZZA DELLA REPUBBLICA"
490096390,"PIAZZA DELLA SANITA'"
490097510,"PIAZZA DELLA VITTORIA"
490091420,"PIAZZA DELLE CARROZZE"
490092735,"PIAZZA DELLE FIAMME GIALLE"
490094900,"PIAZZA DI MONTENERO"
490092520,"PIAZZA DUE GIUGNO"
490090760,"PIAZZA ELIA BENAMOZEGH"
490090610,"PIAZZA ENRICO BARTELLONI"
490093150,"PIAZZA ERO GELLI"
490091600,"PIAZZA FELICE CAVALLOTTI"
490092730,"PIAZZA FRANCESCO FERRUCCI"
490093090,"PIAZZA GARIBALDI"
490093120,"PIAZZA GAVI"
490096460,"PIAZZA GEROLAMO SAVONAROLA"
490094520,"PIAZZA GIACOMO MATTEOTTI"
490090650,"PIAZZA GIAMPAOLO BARTOLOMMEI"
490091355,"PIAZZA GIORGIO CAPRONI"
490092690,"PIAZZA GIOVANNI FATTORI"
490093760,"PIAZZA GIOVANNI MARIA LAVAGNA"
490093330,"PIAZZA GIOVINE ITALIA"
490092430,"PIAZZA GIUSEPPE DI VITTORIO"
490094690,"PIAZZA GIUSEPPE MICHELI"
490096415,"PIAZZA GIUSEPPE SARAGAT"
490093520,"PIAZZA GRANDE"
490093580,"PIAZZA GUERRAZZI"
490090590,"PIAZZA ILIO BARONTINI"
490091300,"PIAZZA LEONETTO CAPPIELLO"
490095200,"PIAZZA LUIGI ORLANDO"
490094260,"PIAZZA MANIN"
490094560,"PIAZZA MAZZINI"
490090955,"PIAZZA ODOARDO BORRANI"
490095133,"PIAZZA PAMELA OGNISSANTI"
490097460,"PIAZZA PIETRO VIGO"
490096620,"PIAZZA SAN SIMONE"
490095650,"PIAZZA SS PIETRO E PAOLO"
490097350,"PIAZZA VENTI SETTEMBRE"
490097465,"PIAZZA VILLA CHAYES"
490094350,"PIAZZALE DEI MARMI"
490097175,"PIAZZALE GIUSEPPE VALAPERTI"
490094880,"PIAZZALE MONTELLO"
490094450,"PIAZZALE PIETRO MASCAGNI"
490097140,"PIAZZALE UNDICI MAGGIO"
490097600,"PIAZZALE ZARA"
490090945,"PIAZZETTA DEL BORGO VECCHIO"
490096091,"REGG.TO PARACADUTISTI """"NEMBO"""""
490095120,"SCALI ADRIANO NOVI LENA"
490096310,"SCALI AURELIO SAFFI"
490091670,"SCALI CERERE"
490090420,"SCALI D'AZEGLIO"
490093640,"SCALI DEGLI ISOLOTTI"
490095140,"SCALI DEGLI OLANDESI"
490092120,"SCALI DEL CORSO"
490094920,"SCALI DEL MONTE PIO"
490095050,"SCALI DEL NAVIGLIO"
490095560,"SCALI DEL PESCE"
490095870,"SCALI DEL PONTE DI MARMO"
490095880,"SCALI DEL PONTINO"
490096080,"SCALI DEL REFUGIO"
490096810,"SCALI DEL TEATRO"
490097400,"SCALI DEL VESCOVATO"
490092250,"SCALI DELLA DARSENA"
490092870,"SCALI DELLA FORTEZZA NUOVA"
490090220,"SCALI DELLE ANCORE"
490090570,"SCALI DELLE BARCHETTE"
490091250,"SCALI DELLE CANTINE"
490094090,"SCALI DELLE MACINE"
490095640,"SCALI DELLE PIETRE"
490092460,"SCALI DOGANA D'ACQUA"
490092760,"SCALI FINOCCHIETTI"
490090810,"SCALI LUIGI BETTARINI"
490094270,"SCALI MANZONI"
490096240,"SCALI ROSCIANO"
490093990,"SCALI SAN LORENZO"
490094810,"SPIANATA DEL MOLO MEDICEO"
490096065,"SPIAZZO ALBERTO RAZZAUTI"
490096715,"STATALE FIRENZE-LIVORNO PORTO"
490091855,"V.LE DELLA CITTA' DEL VATICANO"
490097242,"VARIANTE AURELIA"
490097340,"VIA 25 APRILE 1945"
490095670,"VIA A. FRANCESCO PIGAFETTA"
490090100,"VIA A. M. ENRIQUES AGNOLETTI"
490095020,"VIA A.NARDINI DESP.MOSPIGNOTTI"
490090020,"VIA ABRUZZI"
490090030,"VIA ACCADEMIA LABRONICA"
490093540,"VIA ACHILLE GRANDI"
490097190,"VIA ACHILLE VALENTI"
490094746,"VIA ADOLFO MINGHI"
490096930,"VIA ADOLFO TOMMASI"
490090070,"VIA ADRIANA"
490091640,"VIA ADRIANO CECIONI"
490093830,"VIA ADRIANO LEMMI"
490090080,"VIA ADUA"
490090115,"VIA AGRESTE"
490094840,"VIA ALBERTO MONTANARI"
490092310,"VIA ALCIDE DE GASPERI"
490094760,"VIA ALDOBRANDINO MOCHI"
490092500,"VIA ALESSANDRO DOVERI"
490093980,"VIA ALESSANDRO LOTTI"
490095380,"VIA ALESSANDRO PANNOCCHIA"
490095630,"VIA ALESSANDRO PIERONI"
490097550,"VIA ALESSANDRO VOLTA"
490090370,"VIA ALFREDO ASCOLI"
490091285,"VIA ALFREDO CAPPELLINI"
490091530,"VIA ALFREDO CATALANI"
490093685,"VIA ALFREDO JERI"
490094120,"VIA ALFREDO MAFFI"
490096650,"VIA ALFREDO SOFFREDINI"
490094770,"VIA AMEDEO MODIGLIANI"
490092143,"VIA ANDREA COSTA"
490092360,"VIA ANDREA DE PAZZI"
490096575,"VIA ANDREA SGARALLINO"
490095320,"VIA ANGELICA PALLI"
490096890,"VIA ANGELINA TIBERINI"
490090835,"VIA ANGELO BIAGIO BIAMONTI"
490090450,"VIA ANGIOLO BADALONI"
490096940,"VIA ANGIOLO TOMMASI"
490092950,"VIA ANNA FRANK"
490090435,"VIA ANTONIO BACCHELLI"
490090485,"VIA ANTONIO BALDOVINETTI"
490092050,"VIA ANTONIO CORAZZI"
490096380,"VIA ANTONIO DA SANGALLO"
490095240,"VIA ANTONIO FEDERICO OZANAM"
490093510,"VIA ANTONIO GRAMSCI"
490093710,"VIA ANTONIO LABRIOLA"
490094250,"VIA ANTONIO MANGINI"
490094655,"VIA ANTONIO MEUCCI"
490095250,"VIA ANTONIO PACINOTTI"
490096260,"VIA ANTONIO ROSMINI SERBATI"
490097667,"VIA ARAMIS GUELFI"
490093235,"VIA ARCANGELO GHISLERI"
490097530,"VIA ARISTIDE VIVARELLI"
490092400,"VIA ARMANDO DIAZ"
490090930,"VIA ARNALDO BONAVENTURA"
490092020,"VIA ARTURO CONTI"
490097630,"VIA ARTURO GRAF"
490090390,"VIA ASPROMONTE"
490094030,"VIA ASTOLFO LUNARDI"
490094170,"VIA ATHOS MAINARDI"
490096555,"VIA ATHOS SETTI"
490093930,"VIA AUGUSTO LIVERANI"
490095110,"VIA AUGUSTO NOVELLI"
490096130,"VIA AUGUSTO RIGHI"
490093728,"VIA AURELIO LAMPREDI"
490095080,"VIA AURELIO NICOLODI"
490097100,"VIA AURELIO UGOLINI"
490090430,"VIA AZZATI"
490090440,"VIA BACIOCCHI"
490090660,"VIA BASILICATA"
490090670,"VIA BASSA"
490090710,"VIA BASTOGI"
490090720,"VIA BAT-YAM"
490090240,"VIA BEATO ANGELICO"
490090735,"VIA BELGIO"
490091030,"VIA BENEDETTO BRIN"
490090770,"VIA BENGASI"
490090780,"VIA BENVENUTO BENVENUTI"
490091660,"VIA BENVENUTO CELLINI"
490095195,"VIA BEPPE ORLANDI"
490090960,"VIA BERNARDETTO BORROMEI"
490090800,"VIA BERNARDINA"
490095940,"VIA BERNARDO PRATO"
490090830,"VIA BEZZECCA"
490090910,"VIA BONAINI"
490090950,"VIA BORRA"
490091020,"VIA BRIGATA GARIBALDI"
490091080,"VIA BRUNO BUOZZI"
490091050,"VIA BUIA"
490091055,"VIA BULGARIA"
490091070,"VIA BUONTALENTI"
490091120,"VIA CADUTI DEL LAVORO"
490091130,"VIA CADUTI DI MARZABOTTO"
490091135,"VIA CADUTI FORZE POLIZIA"
490091115,"VIA CADUTI NEI LAGER NAZISTI"
490092744,"VIA CAFIERO FILIPPELLI"
490091140,"VIA CAIROLI"
490091150,"VIA CALABRIA"
490091160,"VIA CALAFATI"
490091175,"VIA CALATA LUCCA"
490091170,"VIA CALATAFIMI"
490091180,"VIA CALZABIGI"
490091225,"VIA CAMPANIA"
490091245,"VIA CAMPO DI MARTE"
490091240,"VIA CARLO ANTONIO CAMPIONI"
490090795,"VIA CARLO BERNHEIMER"
490090850,"VIA CARLO BINI"
490091540,"VIA CARLO CATANZARO"
490091570,"VIA CARLO CATTANEO"
490100004,"VIA CARLO COCCIOLI"
490093970,"VIA CARLO LORENZINI"
490094660,"VIA CARLO MEYER"
490095680,"VIA CARLO PIGLI"
490095760,"VIA CARLO PISACANE"
490095970,"VIA CARLO PUINI"
490096540,"VIA CARLO SERVOLINI"
490096860,"VIA CARLO TESI"
490093630,"VIA CAROLINA INTERNARI"
490091410,"VIA CARRAIA"
490091430,"VIA CARROZZIERI"
490091490,"VIA CASTELLI"
490091590,"VIA CAVALLETTI"
490091630,"VIA CECCONI"
490090630,"VIA CESARE BARTOLENA"
490090730,"VIA CESARE BATTISTI"
490100016,"VIA CESARE BECCARIA"
490096805,"VIA CESARE TARRINI"
490091730,"VIA CHIELLINI"
490091785,"VIA CIMABUE"
490094620,"VIA CIRO MENOTTI"
490091900,"VIA CLAUDIO COGORANO"
490091950,"VIA COLLINET"
490091110,"VIA CONTE LUIGI CADORNA"
490092440,"VIA CORRADO DODOLI"
490092110,"VIA CORSICA"
490092300,"VIA COSIMO DEL FANTE"
490095290,"VIA COSIMO PALAMIDESSI"
490092145,"VIA COSTANZA"
490092540,"VIA COSTANZO EBAT"
490092180,"VIA CRIMEA"
490092220,"VIA CURTATONE E MONTANARA"
490092245,"VIA DANIMARCA"
490091470,"VIA DARIO CASSUTO"
490095070,"VIA DARIO NICCODEMI"
490093953,"VIA DE L'ONGRILLI"
490093740,"VIA DE LARDEREL"
490090048,"VIA DEGLI ACQUAIOLI"
490090050,"VIA DEGLI ACQUEDOTTI"
490090118,"VIA DEGLI AGRICOLTORI"
490090120,"VIA DEGLI ALBATRI"
490090210,"VIA DEGLI AMMAZZATOI"
490090310,"VIA DEGLI APOSTOLI"
490090320,"VIA DEGLI ARCHI"
490097660,"VIA DEGLI ARROTINI"
490090380,"VIA DEGLI ASILI"
490092625,"VIA DEGLI ETRUSCHI"
490095150,"VIA DEGLI OLEANDRI"
490095153,"VIA DEGLI OLEASTRI"
490096482,"VIA DEGLI SCALPELLINI"
490096490,"VIA DEGLI SCARRONZONI"
490090460,"VIA DEI BAGNETTI"
490090470,"VIA DEI BAGNI"
490091000,"VIA DEI BOTTINI DELL'OLIO"
490091248,"VIA DEI CANALI"
490091360,"VIA DEI CARABINIERI"
490091580,"VIA DEI CAVALIERI"
490091795,"VIA DEI CIMITERI"
490091815,"VIA DEI CIPRESSI"
490091955,"VIA DEI COLOMBACCI"
490092010,"VIA DEI CONDOTTI VECCHI"
490092062,"VIA DEI CORDAI"
490092635,"VIA DEI FABBRI"
490092665,"VIA DEI FALCHI"
490092680,"VIA DEI FANCIULLI"
490092810,"VIA DEI FLORIDI"
490092815,"VIA DEI FONDACCI"
490092980,"VIA DEI FULGIDI"
490092990,"VIA DEI FUNAIOLI"
490093190,"VIA DEI GERANI"
490093280,"VIA DEI GINEPRI"
490093500,"VIA DEI GOWER"
490093730,"VIA DEI LANZI"
490094070,"VIA DEI MACCHIAIOLI"
490094495,"VIA DEI MATERASSAI"
490094950,"VIA DEI MULINACCI"
490094960,"VIA DEI MULINI"
490095045,"VIA DEI NAVICELLI"
490095480,"VIA DEI PELAGHI"
490095520,"VIA DEI PENSIERI"
490095550,"VIA DEI PESCATORI"
490095795,"VIA DEI PODERI"
490096035,"VIA DEI RAMAI"
490097680,"VIA DEI SALICI"
490093435,"VIA DEI SETTE SANTI"
490097665,"VIA DEI SOFFIATORI DEL VETRO"
490097010,"VIA DEI TRANQUILLI"
490097015,"VIA DEI TRASPORTATORI"
490097265,"VIA DEI VECCHI ORTI"
490090700,"VIA DEL BASTIONE"
490090980,"VIA DEL BOSCO"
490091370,"VIA DEL CARDINALE"
490091450,"VIA DEL CASINO"
490091480,"VIA DEL CASTELLACCIO"
490091520,"VIA DEL CASTELLO"
490091650,"VIA DEL CEDRO"
490091675,"VIA DEL CERRO"
490091780,"VIA DEL CILIEGIO"
490091910,"VIA DEL COLLEGIO"
490092040,"VIA DEL CORALLO"
490092055,"VIA DEL CORBOLONE"
490092200,"VIA DEL CROCINO"
490092650,"VIA DEL FAGIANO"
490092710,"VIA DEL FELCIAIO"
490092845,"VIA DEL FORNO"
490092850,"VIA DEL FORTE DEI CAVALLEGGERI"
490092860,"VIA DEL FORTE SAN PIETRO"
490093000,"VIA DEL GABBIANO"
490093130,"VIA DEL GAZOMETRO"
490093160,"VIA DEL GELSOMINO"
490093250,"VIA DEL GIAGGIOLO"
490093270,"VIA DEL GIGLIO"
490093410,"VIA DEL GLICINE"
490093490,"VIA DEL GOVERNATORE"
490093780,"VIA DEL LAVORO"
490093850,"VIA DEL LEONE"
490093910,"VIA DEL LIMONCINO"
490093915,"VIA DEL LIMONE"
490093920,"VIA DEL LITTORALE"
490094240,"VIA DEL MANDORLO"
490094330,"VIA DEL MARE"
490094430,"VIA DEL MARZOCCO"
490094650,"VIA DEL METALLO"
490094820,"VIA DEL MOLO MEDICEO"
490094855,"VIA DEL MONTE D'ORO"
490094970,"VIA DEL MULINO A VENTO"
490095340,"VIA DEL PALLONE"
490095370,"VIA DEL PANIFICIO"
490095390,"VIA DEL PANTALONE"
490095410,"VIA DEL PARCO"
490095430,"VIA DEL PARTIGIANO"
490095460,"VIA DEL PASTORE"
490095580,"VIA DEL PETTINE"
490095720,"VIA DEL PINO"
490095780,"VIA DEL PLATANO"
490095810,"VIA DEL POGGETTO"
490095830,"VIA DEL POGGIO"
490095855,"VIA DEL PONENTINO"
490095860,"VIA DEL PONTE"
490095910,"VIA DEL PORTICCIOLO"
490095913,"VIA DEL PORTO"
490095978,"VIA DEL PUNTONE"
490096025,"VIA DEL RADAR"
490096160,"VIA DEL RIPOSO"
490096250,"VIA DEL ROSMARINO"
490096440,"VIA DEL SASSO ROSSO"
490096520,"VIA DEL SEMINARIO"
490096830,"VIA DEL TEMPIO"
490096870,"VIA DEL TESTAIO"
490096970,"VIA DEL TORO"
490097250,"VIA DEL VASCELLO"
490097293,"VIA DEL VECCHIO FARO"
490097295,"VIA DEL VECCHIO LAZZERETTO"
490097440,"VIA DEL VIGNA"
490097497,"VIA DEL VIPERAIO"
490097545,"VIA DEL VOLONTARIATO"
490097570,"VIA DEL VOLTONE"
490091800,"VIA DELFINO CINELLI"
490092555,"VIA DELL' ECOLOGIA"
490090090,"VIA DELL'AGAVE"
490090160,"VIA DELL'ALLORO"
490090180,"VIA DELL'AMBROGIANA"
490090260,"VIA DELL'ANGIOLO"
490090280,"VIA DELL'ANTICA POLVERIERA"
490090295,"VIA DELL'ANTIMONIO"
490090330,"VIA DELL'ARDENZA"
490090340,"VIA DELL'ARENA ALFIERI"
490090365,"VIA DELL'ARTIGIANATO"
490092560,"VIA DELL'EDERA"
490092570,"VIA DELL'ELBA"
490092607,"VIA DELL'ERBUCCIA"
490092610,"VIA DELL'EREMO"
490093610,"VIA DELL'INDIPENDENZA"
490093620,"VIA DELL'INDUSTRIA"
490095175,"VIA DELL'O.N.U."
490097640,"VIA DELL'OLIVARA"
490095160,"VIA DELL'OLMO"
490095180,"VIA DELL'ORIGINE"
490095190,"VIA DELL'ORIOLINO"
490097090,"VIA DELL'UFFIZIO DEI GRANI"
490097105,"VIA DELL'ULIVETA"
490097110,"VIA DELL'ULIVO"
490097160,"VIA DELL'UNGHERO"
490090490,"VIA DELLA BANCA"
490090530,"VIA DELLA BANDITELLA"
490090680,"VIA DELLA BASSATA"
490090690,"VIA DELLA BASTIA"
490091220,"VIA DELLA CAMPANA"
490091280,"VIA DELLA CAPPELLINA"
490091330,"VIA DELLA CAPRAIA"
490091438,"VIA DELLA CASA DEI CORSI"
490091760,"VIA DELLA CHIESA DI SALVIANO"
490091810,"VIA DELLA CINTA ESTERNA"
490091830,"VIA DELLA CISTERNA"
490092070,"VIA DELLA CORONCINA"
490092725,"VIA DELLA FERROVIA"
490092820,"VIA DELLA FONDERIA"
490092830,"VIA DELLA FONTANELLA"
490093200,"VIA DELLA GHERARDESCA"
490093290,"VIA DELLA GINESTRA"
490093322,"VIA DELLA GIORGIA"
490093390,"VIA DELLA GIUNCAIOLA"
490093450,"VIA DELLA GORGONA"
490093800,"VIA DELLA LECCETA"
490093805,"VIA DELLA LECCIA"
490093935,"VIA DELLA LIVORNINA"
490094100,"VIA DELLA MADDALENA"
490094110,"VIA DELLA MADONNA"
490094111,"VIA DELLA MADONNINA DI COTETO"
490094193,"VIA DELLA MALVA"
490094590,"VIA DELLA MELORIA"
490094645,"VIA DELLA MERIDIANA"
490094750,"VIA DELLA MISERICORDIA"
490095245,"VIA DELLA PACE"
490095260,"VIA DELLA PADULA"
490095660,"VIA DELLA PIEVE"
490095690,"VIA DELLA PINA D'ORO"
490095900,"VIA DELLA PORCIGLIANA"
490095930,"VIA DELLA POSTA"
490095942,"VIA DELLA PRINCIPESSA"
490095955,"VIA DELLA PRUGNOLICCIA"
490096000,"VIA DELLA QUERCETA"
490096015,"VIA DELLA QUERCIOLAIA"
490096030,"VIA DELLA RAGNAIA"
490096220,"VIA DELLA RONDINELLA"
490096320,"VIA DELLA SALUTE"
490096370,"VIA DELLA SAMBUCA"
490096470,"VIA DELLA SCALA"
490096499,"VIA DELLA SCOPAIA"
490096500,"VIA DELLA SCUOLA COMUNALE"
490096720,"VIA DELLA STAZIONE"
490096974,"VIA DELLA TORRE DELL'OROLOGIO"
490096972,"VIA DELLA TORRE NUOVA"
490096976,"VIA DELLA TORRE VECCHIA"
490097200,"VIA DELLA VALLE BENEDETTA"
490097270,"VIA DELLA VECCHIA CASINA"
490097290,"VIA DELLA VECCHIA SALITA"
490097330,"VIA DELLA VENEZIA"
490097560,"VIA DELLA VOLTINA"
490097300,"VIA DELLE ABETELLE"
490090040,"VIA DELLE ACCIUGHE"
490090520,"VIA DELLE BANDIERE"
490091265,"VIA DELLE CAPANNE"
490091402,"VIA DELLE CARMELITANE"
490091440,"VIA DELLE CASE ROSSE"
490091550,"VIA DELLE CATERATTE"
490091610,"VIA DELLE CAVE"
490091940,"VIA DELLE COLLINE"
490091990,"VIA DELLE COMMEDIE"
490092000,"VIA DELLE CONCE"
490092035,"VIA DELLE CORALLAIE"
490092125,"VIA DELLE CORTI"
490092195,"VIA DELLE CROCIERE"
490092605,"VIA DELLE ERBE"
490092620,"VIA DELLE ERICHE"
490092703,"VIA DELLE FATTORIE"
490092840,"VIA DELLE FORNACI"
490093020,"VIA DELLE GALERE"
490093215,"VIA DELLE GHIANDAIE"
490093442,"VIA DELLE GORE"
490093550,"VIA DELLE GRAZIE"
490093750,"VIA DELLE LASTRE"
490094075,"VIA DELLE MACCHIE"
490094340,"VIA DELLE MARGHERITE"
490094934,"VIA DELLE MORE"
490094940,"VIA DELLE MORTELLE"
490095040,"VIA DELLE NAVI"
490095155,"VIA DELLE ORTENSIE"
490095590,"VIA DELLE PIANACCE"
490096090,"VIA DELLE REGATE"
490096185,"VIA DELLE ROBINIE"
490096600,"VIA DELLE SIEPI"
490096670,"VIA DELLE SORGENTI"
490096780,"VIA DELLE TAMERICI"
490097030,"VIA DELLE TRAVI"
490097075,"VIA DELLE TUBEROSE"
490097210,"VIA DELLE VALLICELLE"
490097310,"VIA DELLE VELE"
490097450,"VIA DELLE VIGNACCE"
490097678,"VIA DELLE VILLETTE"
490097495,"VIA DELLE VIOLE"
490097675,"VIA DELLO SCOLMATORE"
490096745,"VIA DELLO STILLO"
490096756,"VIA DELLO STRUGGINO"
490092370,"VIA DERNA"
490091145,"VIA DI CALA MARTINA"
490091243,"VIA DI CAMPO AL LUPO"
490091436,"VIA DI CASA COLONICA"
490091930,"VIA DI COLLINAIA"
490092160,"VIA DI COTETO"
490092940,"VIA DI FRANCO"
490093552,"VIA DI GRECALE"
490093870,"VIA DI LEVANTE"
490093875,"VIA DI LIBECCIO"
490094112,"VIA DI MAESTRALE"
490094165,"VIA DI MAGRIGNANO"
490094910,"VIA DI MONTENERO"
490094930,"VIA DI MONTEROTONDO"
490095237,"VIA DI OSTRO"
490095612,"VIA DI PIAZZA D'ARMI"
490095890,"VIA DI POPOGNA"
490095997,"VIA DI QUARRATA"
490096010,"VIA DI QUERCIANELLA"
490090165,"VIA DI S. ALO'"
490096340,"VIA DI SALVIANO"
490096497,"VIA DI SCIROCCO"
490097005,"VIA DI TRAMONTANA"
490097215,"VIA DI VALLIN BUIO"
490092410,"VIA DICIANNOVE LUGLIO 1944"
490094370,"VIA DIEGO MARTELLI"
490092938,"VIA DINO LIVIO FRANGIONI"
490094005,"VIA DINO LUGETTI"
490095945,"VIA DINO PROVENZAL"
490090920,"VIA DIOMEDE BONAMICI"
490091790,"VIA DOMENICO CIMAROSA"
490092670,"VIA DOMENICO FRANC. FALCUCCI"
490095450,"VIA DOMENICO PASSAPONTI"
490094585,"VIA DON ALDO MEI"
490090130,"VIA DON DAVID ALBERTARIO"
490096020,"VIA DON GIOV. BATTISTA QUILICI"
490094747,"VIA DON GIOVANNI MINZONI"
490093050,"VIA DON ITALO GAMBINI"
490094155,"VIA DON MAGGINI"
490094715,"VIA DON MILANI"
490093480,"VIA DON RENZO GORI"
490090235,"VIA DON ROBERTO ANGELI"
490096280,"VIA DONATO ROSSETTI"
490092510,"VIA DUCA COSIMO"
490093035,"VIA DUCCIO GALIMBERTI"
490092550,"VIA EBREI VITTIME NAZISMO"
490092662,"VIA EDDA FAGNI"
490092260,"VIA EDMONDO DE AMICIS"
490090540,"VIA ELIA BAQUIS"
490092685,"VIA ELIO FANTINI"
490097668,"VIA ELIO ZEME"
490092590,"VIA EMILIA"
490097610,"VIA EMILIO ZOLA"
490090620,"VIA ENRICO BARTELLONI"
490091770,"VIA ENRICO CIALDINI"
490092330,"VIA ENRICO DELLE SEDIE"
490092825,"VIA ENRICO FONTANA"
490094505,"VIA ENRICO MATTEI"
490094530,"VIA ENRICO MAYER"
490095840,"VIA ENRICO POLLASTRINI"
490097000,"VIA ENRICO TOTI"
490092965,"VIA ENZO FREGOSI"
490095835,"VIA ENZO POLI"
490092603,"VIA EOLO"
490090900,"VIA ERMENEGILDO BOIS"
490100018,"VIA ERMINIA CREMONI"
490094220,"VIA ERNESTO MANASSE"
490096290,"VIA ERNESTO ROSSI"
490094675,"VIA ERSILIO MICHEL"
490095995,"VIA ETTORE QUAGLIERINI"
490096910,"VIA ETTORE TOCI"
490092630,"VIA EUGENIA"
490092210,"VIA EUGENIO CURIEL"
490096140,"VIA EUGENIO RIGNANO"
490096400,"VIA EUGENIO SANSONI"
490091210,"VIA FABIO CAMPANA"
490092750,"VIA FABIO FILZI"
490092660,"VIA FAGIUOLI"
490092667,"VIA FALCONE E BORSELLINO"
490091350,"VIA FEDERICO CAPRILLI"
490092600,"VIA FEDERIGO ENRIQUES"
490090860,"VIA FELIKS BIKONACKI"
490094130,"VIA FERDINANDO MAGAGNINI"
490091090,"VIA FERRUCCIO BUSONI"
490096225,"VIA FERRUCCIO RONTINI"
490092740,"VIA FIERA DI SANT'ANTONINO"
490091060,"VIA FILIPPO BUONARROTI"
490092080,"VIA FILIPPO CORRIDI"
490092090,"VIA FILIPPO CORRIDONI"
490097080,"VIA FILIPPO TURATI"
490097360,"VIA FILIPPO VENUTI"
490092755,"VIA FINLANDIA"
490092780,"VIA FIORENZA"
490092790,"VIA FIRENZE"
490092800,"VIA FIUME"
490092833,"VIA FONTE DELLA PUZZOLENTE"
490092835,"VIA FONTE DI S. STEFANO"
490097860,"VIA FORTUNATO GARZELLI"
490092900,"VIA FOSSE ARDEATINE"
490094945,"VIA FRANCESCA LAURA MORVILLO"
490090550,"VIA FRANCESCO BARACCA"
490091390,"VIA FRANCESCO CAREGA"
490095490,"VIA FRANCESCO CARLO PELLEGRINI"
490091745,"VIA FRANCESCO CHIUSA"
490092190,"VIA FRANCESCO CRISPI"
490092380,"VIA FRANCESCO DE SANCTIS"
490094745,"VIA FRANCESCO MIMBELLI"
490095530,"VIA FRANCESCO PERA"
490096070,"VIA FRANCESCO REDI"
490092935,"VIA FRANCIA"
490093917,"VIA FRANCO LIPIZER"
490094545,"VIA FRANCO MAZZACCHERINI"
490092960,"VIA FRASCHETTI"
490090510,"VIA FRATELLI BANDIERA"
490091680,"VIA FRATELLI CERVI"
490092270,"VIA FRATELLI DEL CONTE"
490093260,"VIA FRATELLI GIGLI"
490094755,"VIA FRIDA MISUL"
490091710,"VIA GABRIELLO CHIABRERA"
490092228,"VIA GAETANO D'ALESIO"
490094570,"VIA GAETANO MAZZONI"
490095350,"VIA GAETANO PALLONI"
490095820,"VIA GAETANO POGGIALI"
490095415,"VIA GALEAZZO PARDERA"
490092720,"VIA GALILEO FERRARIS"
490093030,"VIA GALILEO GALILEI"
490094475,"VIA GALLIANO MASINI"
490093100,"VIA GARIBALDI"
490096060,"VIA GASTONE RAZZAGUTA"
490093140,"VIA GAZZARRINI"
490096820,"VIA GENERALE ENRICO TELLINI"
490093070,"VIA GENERALE GIOVANNI GAMERRA"
490093195,"VIA GERMANIA"
490093210,"VIA GHERARDI DEL TESTA"
490091525,"VIA GIACOMO DI CASTELNUOVO"
490095960,"VIA GIACOMO PUCCINI"
490094610,"VIA GIAMPAOLO MENICHETTI"
490093570,"VIA GIAN BATTISTA GUARINI"
490096315,"VIA GIAN BATTISTA SAGLIETTO"
490096205,"VIA GIAN DOMENICO ROMAGNOSI"
490100014,"VIA GIAN PAOLO GAMERRA"
490094646,"VIA GIANFRANCO MERLI"
490091310,"VIA GINO CAPPONI"
490093548,"VIA GINO GRAZIANI"
490096209,"VIA GINO ROMITI"
490093300,"VIA GINORI"
490091040,"VIA GIORDANO BRUNO"
490091100,"VIA GIORGIO BYRON"
490092831,"VIA GIORGIO FONTANELLI"
490097380,"VIA GIORGIO LA PIRA"
490096190,"VIA GIORGIO RODOCANACCHI"
490090970,"VIA GIOSUE' BORSI"
490093325,"VIA GIOTTO"
490091777,"VIA GIOTTO CIARDI"
490091500,"VIA GIOV. CASTELLI DELLA VINCA"
490096790,"VIA GIOV. TARGIONI TOZZETTI"
490093240,"VIA GIOVAN BATTISTA GIACOMELLI"
490094020,"VIA GIOVAN BATTISTA LULLI"
490095542,"VIA GIOVAN BATTISTA PERGOLESI"
490097425,"VIA GIOVAN BATTISTA VICO"
490090940,"VIA GIOVAN COSIMO BONOMO"
490093340,"VIA GIOVANNETTI"
490094540,"VIA GIOVANNI AMBROGIO MAZENTA"
490090200,"VIA GIOVANNI AMENDOLA"
490090640,"VIA GIOVANNI BARTOLENA"
490097390,"VIA GIOVANNI DA VERRAZZANO"
490092290,"VIA GIOVANNI DEL FANTASIA"
490100017,"VIA GIOVANNI GELATI"
490093320,"VIA GIOVANNI GIOLITTI"
490093560,"VIA GIOVANNI GUARDUCCI"
490093952,"VIA GIOVANNI LOMI"
490094275,"VIA GIOVANNI MARCH"
490094290,"VIA GIOVANNI MARCHI"
490094360,"VIA GIOVANNI MARRADI"
490095280,"VIA GIOVANNI PAGANUCCI"
490095615,"VIA GIOVANNI PICCIONI"
490095990,"VIA GIOVANNI PUNTONI"
490096040,"VIA GIOVANNI RANDACCIO"
490096330,"VIA GIOVANNI SALVESTRI"
490093360,"VIA GIOVANNI VENTITREESIMO"
490095086,"VIA GIOVANNI VERGA"
490097474,"VIA GIOVANNI VILLANI"
490097590,"VIA GIOVANNI ZANNACCHINI"
490093380,"VIA GIULIANA"
490096120,"VIA GIULIANO RICCI"
490090300,"VIA GIULIO ANZILOTTI"
490097490,"VIA GIULIO CESARE VINZIO"
490095545,"VIA GIULIO PERINI"
490090480,"VIA GIUSEPPE BALDINI"
490090500,"VIA GIUSEPPE BANDI"
490091190,"VIA GIUSEPPE CAMBINI"
490090010,"VIA GIUSEPPE CESARE ABBA"
490091720,"VIA GIUSEPPE CHIARINI"
490091890,"VIA GIUSEPPE COEN"
490092505,"VIA GIUSEPPE DOVERI"
490093400,"VIA GIUSEPPE GIUSTI"
490093505,"VIA GIUSEPPE GOZZER"
490096850,"VIA GIUSEPPE MARIA TERRENI"
490095230,"VIA GIUSEPPE OROSI"
490095645,"VIA GIUSEPPE PIETRI"
490095730,"VIA GIUSEPPE PIOMBANTI"
490096050,"VIA GIUSEPPE RAVIZZA"
490096495,"VIA GIUSEPPE SCHIAVAZZI"
490097370,"VIA GIUSEPPE VERDI"
490094470,"VIA GLAUCO MASI"
490093430,"VIA GOITO"
490093440,"VIA GOLDONI"
490093530,"VIA GRANDE"
490093553,"VIA GRECIA"
490093554,"VIA GROTTA DELLE FATE"
490093555,"VIA GUADALAJARA"
490091860,"VIA GUELFO CIVININI"
490094700,"VIA GUGLIELMO MICHELI"
490095130,"VIA GUGLIELMO OBERDAN"
490096210,"VIA GUGLIELMO ROMITI"
490090733,"VIA GUIDO BEDARIDA"
490091260,"VIA GUIDO CANTINI"
490090350,"VIA GUIDO D'AREZZO"
490092485,"VIA GUIDO DONEGANI"
490095085,"VIA GUIDO GOZZANO"
490094600,"VIA GUIDO MENASCI"
490096350,"VIA GUSTAVO SALVINI"
490093605,"VIA HAIPHONG"
490090790,"VIA ICILIO WAN BERGHER"
490097580,"VIA ILARIO ZAMBELLI"
490097650,"VIA INGHILTERRA"
490093635,"VIA IRLANDA"
490094300,"VIA IRMA MARCHIANI"
490096580,"VIA JACOPO SGARALLINO"
490094835,"VIA JEAN MONNET"
490093705,"VIA JERZI SAS KULCZYCKI"
490093715,"VIA LABRONE"
490093720,"VIA LAMARMORA"
490093220,"VIA LANCIOTTO GHERARDI"
490093790,"VIA LAZIO"
490091200,"VIA LEONARDO CAMBINI"
490093840,"VIA LEONARDO DA VINCI"
490093860,"VIA LEPANTO"
490093940,"VIA LIEWLYN LLOYD"
490093890,"VIA LIGURIA"
490097670,"VIA LINA FERRETTI MANNOCCI"
490093950,"VIA LOMBARDIA"
490093460,"VIA LORENZO GORI"
490091095,"VIA LUCIANO BUSSOTTI"
490094990,"VIA LUDOVICO ANTONIO MURATORI"
490090060,"VIA LUIGI ADEMOLLO"
490090890,"VIA LUIGI BOCCHERINI"
490090990,"VIA LUIGI BOSI"
490091700,"VIA LUIGI CHERUBINI"
490091865,"VIA LUIGI COCCHELLA"
490092340,"VIA LUIGI DEL MORO"
490093040,"VIA LUIGI GALVANI"
490093170,"VIA LUIGI GEMIGNANI"
490093700,"VIA LUIGI KOSSUTH"
490094060,"VIA LUIGI LUZZATTI"
490094230,"VIA LUIGI MANCINI"
490095060,"VIA LUIGI NEGRELLI"
490095740,"VIA LUIGI PIRANDELLO"
490096305,"VIA LUIGI RUSSO"
490096318,"VIA LUIGI SALMI"
490096550,"VIA LUIGI SETTEMBRINI"
490097682,"VIA LUSSEMBURGO"
490094115,"VIA MAESTRI DEL LAVORO"
490094140,"VIA MAGENTA"
490094150,"VIA MAGGI"
490092130,"VIA MAGGIORE LUIGI CORTI"
490094190,"VIA MALTA"
490100000,"VIA MARCELLO DEL CHICCA"
490094280,"VIA MARCHE"
490091980,"VIA MARCO COLTELLINI"
490094490,"VIA MARCO MASTACCHI"
490093690,"VIA MARGHERITA KAISER PARODI"
490094933,"VIA MARIA MONTESSORI"
490090943,"VIA MARIO BORGIOTTI"
490091870,"VIA MARIO COCCHI"
490094158,"VIA MARIO MAGNOZZI"
490095965,"VIA MARIO PUCCINI"
490094380,"VIA MARTELLINI"
490094385,"VIA MARTIN LUTERO"
490094055,"VIA MARTIN LUTHER KING"
490094440,"VIA MASACCIO"
490094580,"VIA MEDAGLIE D'ORO RESISTENZA"
490094630,"VIA MENTANA"
490094670,"VIA MICALI"
490094680,"VIA MICHELANGELO"
490094710,"VIA MICHON"
490094730,"VIA MILANO"
490094800,"VIA MOLISE"
490093080,"VIA MONSIGNOR FILIPPO GANUCCI"
490094860,"VIA MONTE GRAPPA"
490094850,"VIA MONTEBELLO"
490094890,"VIA MONTELUNGO"
490094870,"VIA MOSES MONTEFIORE"
490095010,"VIA NAPOLI"
490090820,"VIA NATALE BETTI"
490095000,"VIA NEDO NADI"
490092240,"VIA NELLO DANESI"
490093238,"VIA NELUSCO GIACHINI"
490092150,"VIA NICCOLA COSTELLA"
490094080,"VIA NICCOLO' MACHIAVELLI"
490095270,"VIA NICCOLO' PAGANINI"
490096740,"VIA NICCOLO' STENONE"
490096920,"VIA NICCOLO' TOMMASEO"
490096770,"VIA NICOLA TACCHINARDI"
490100013,"VIA NILDE JOTTI"
490090870,"VIA NINO BIXIO"
490095105,"VIA NORD"
490095106,"VIA NORVEGIA"
490095125,"VIA NOVOROSSIISK"
490091230,"VIA NUMA CAMPI"
490091750,"VIA OBERDAN CHIESA"
490092320,"VIA ODOARDO DELLA TORRE"
490095135,"VIA OLANDA"
490095145,"VIA OLBIA"
490095165,"VIA OMBROSA"
490095420,"VIA ORAZIO PARETTI"
490092930,"VIA ORESTE FRANCHINI"
490093230,"VIA OSCAR GHIGLIA"
490096800,"VIA OT. TARGIONI TOZZETTI"
490090580,"VIA PADRE ALESSANDRO BARONI"
490095330,"VIA PALESTRO"
490092838,"VIA PALMIRO FORESI"
490092350,"VIA PAOLO EMILIO DEMI"
490093900,"VIA PAOLO LILLA"
490097230,"VIA PAOLO VANNUCCI"
490095790,"VIA PASQUALE POCCIANTI"
490097475,"VIA PASQUALE VILLARI"
490095470,"VIA PASTRENGO"
490093606,"VIA PAUL HARRIS"
490095500,"VIA PELLETTIER"
490093607,"VIA PEPPINO IMPASTATO"
490095600,"VIA PIAN DI ROTA"
490095610,"VIA PIAVE"
490095620,"VIA PIEMONTE"
490096665,"VIA PIER DONATO SOMMATI"
490090170,"VIA PIERO ALOISI"
490091775,"VIA PIERO CIAMPI"
490092315,"VIA PIERO DELLA FRANCESCA"
490092490,"VIA PIERO DONNINI"
490093420,"VIA PIERO GOBETTI"
490091880,"VIA PIETRO COCCOLUTO FERRIGNI"
490091920,"VIA PIETRO COLLETTA"
490092140,"VIA PIETRO COSSA"
490093470,"VIA PIETRO GORI"
490094390,"VIA PIETRO MARTINI"
490095030,"VIA PIETRO NARDINI"
490095065,"VIA PIETRO NENNI"
490095235,"VIA PIETRO ORSILAGO"
490095300,"VIA PIETRO PALEOCAPA"
490095400,"VIA PIETRO PAOLI"
490096760,"VIA PIETRO TACCA"
490096880,"VIA PILADE TEVENE'"
490090140,"VIA PILO ALBERTELLI"
490092280,"VIA PIO ALBERTO DEL CORONA"
490095750,"VIA PISA"
490095100,"VIA PLINIO NOMELLINI"
490095800,"VIA POERIO"
490095850,"VIA POMPILIA"
490095915,"VIA PORTOGALLO"
490100019,"VIA PRIMETTA CIPOLLI"
490100003,"VIA PRIMO MICHELE LEVI"
490095950,"VIA PROVINCIALE PISANA"
490095980,"VIA PUGLIE"
490096027,"VIA RAFFAELLO"
490093060,"VIA RAFFAELLO GAMBOGI"
490093725,"VIA RAFFAELLO LAMBRUSCHINI"
490096525,"VIA RAFFAELLO SERNESI"
490096093,"VIA REMOTA"
490092970,"VIA RENATO FUCINI"
490094410,"VIA RENATO MARTORELLI"
490095035,"VIA RENATO NATALI"
490095710,"VIA RENATO PINI"
490096095,"VIA RENUCCIO RENUCCI"
490096110,"VIA RICASOLI"
490091820,"VIA RICCARDO CIPRIANI"
490092515,"VIA ROBERT DUDLEY"
490091010,"VIA ROBERTO BRACCO"
490096200,"VIA ROMA"
490096207,"VIA ROMANIA"
490096235,"VIA ROSA DEI VENTI"
490093115,"VIA ROSA GATTORNO"
490096300,"VIA ROSSINI"
490096695,"VIA RURIK SPOLIDORO"
490091270,"VIA RUSSARDO CAPOCCHI"
490092170,"VIA S. GIUSEPPE COTTOLENGO"
490093960,"VIA SABATINO LOPEZ"
490090155,"VIA SALVATOR ALLENDE"
490095210,"VIA SALVATORE ORLANDO"
490096360,"VIA SALVINO SALVINI"
490092225,"VIA SALVO D'ACQUISTO"
490091400,"VIA SAN CARLO"
490092920,"VIA SAN FRANCESCO"
490093010,"VIA SAN GAETANO"
490093350,"VIA SAN GIOVANNI"
490094010,"VIA SAN LUIGI"
490094310,"VIA SAN MARCO"
490094345,"VIA SAN MARINO"
490094400,"VIA SAN MARTINO"
490094510,"VIA SAN MATTEO"
490096510,"VIA SAN SEBASTIANO"
490096630,"VIA SAN SIMONE"
490090995,"VIA SANDRO BOTTICELLI"
490090110,"VIA SANT'AGOSTINO"
490090230,"VIA SANT'ANDREA"
490090270,"VIA SANT'ANNA"
490093680,"VIA SANT'JACOPO ACQUAVIVA"
490095170,"VIA SANT'OMOBONO"
490090560,"VIA SANTA BARBARA"
490091560,"VIA SANTA CATERINA"
490092890,"VIA SANTA FORTUNATA"
490093370,"VIA SANTA GIULIA"
490094000,"VIA SANTA LUCIA"
490097430,"VIA SANTA VIGILIA"
490096410,"VIA SANTELLI"
490096730,"VIA SANTO STEFANO"
490096420,"VIA SARDEGNA"
490096430,"VIA SARDI"
490096498,"VIA SCOZIA"
490092390,"VIA SERAFINO DE TIVOLI"
490096530,"VIA SERRISTORI"
490096590,"VIA SHELLEY PERCY BYSSHE"
490096595,"VIA SICILIA"
490092745,"VIA SILVANO FILIPPELLI"
490095770,"VIA SILVANO PIZZI"
490093810,"VIA SILVESTRO LEGA"
490090840,"VIA SILVIO BICCHI"
490095505,"VIA SILVIO PELLICO"
490096635,"VIA SLOVENIA"
490096660,"VIA SOLFERINO"
490096675,"VIA SPAGNA"
490096680,"VIA SPALATO"
490096700,"VIA SPRONI"
490096750,"VIA STROZZI"
490096758,"VIA SVEZIA"
490096759,"VIA SVIZZERA"
490096610,"VIA TELEMACO SIGNORINI"
490093590,"VIA TEMISTOCLE GUERRAZZI"
490090745,"VIA TERRAZZA BELVEDERE"
490096840,"VIA TERRAZZINI"
490096480,"VIA TIBERIO SCALI"
490092420,"VIA TINA DI LORENZO"
490096895,"VIA TINTORETTO"
490096690,"VIA TITO SPERI"
490096905,"VIA TIZIANO"
490096640,"VIA TOBIA SMOLLET"
490091223,"VIA TOMMASO CAMPANELLA"
490092100,"VIA TOMMASO CORSI"
490094500,"VIA TOMMASO MATI"
490095510,"VIA TOMMASO PENDOLA"
490096950,"VIA TONCI"
490096960,"VIA TORINO"
490096980,"VIA TORRETTA"
490096990,"VIA TOSCANA"
490097020,"VIA TRAVERSA"
490097040,"VIA TRE NOVEMBRE"
490097050,"VIA TRENTO"
490097060,"VIA TRIESTE"
490097070,"VIA TRIPOLI"
490094830,"VIA UBERTO MONDOLFI"
490097095,"VIA UGIONE"
490094210,"VIA UGO MANARESI"
490097120,"VIA ULVI LIEGI"
490092770,"VIA UMBERTO FIORAVANTI"
490094050,"VIA UMBERTO LUSENA"
490096835,"VIA UMBERTO TERRACINI"
490097130,"VIA UMBRIA"
490097155,"VIA UNGHERIA"
490096432,"VIA URANO SARTI"
490097205,"VIA VALLE DEL CHIOMA"
490097240,"VIA VARESE"
490093683,"VIA VASCO NATALE JACOPONI"
490097275,"VIA VECCHIA DEL PICCHIANTI"
490097280,"VIA VECCHIA DI SALVIANO"
490097320,"VIA VENETO"
490097415,"VIA VETERANI DELLO SPORT"
490097470,"VIA VILLA GLORI"
490091105,"VIA VINCENZO CABIANCA"
490092205,"VIA VINCENZO CUOCO"
490093310,"VIA VINCENZO GIOBERTI"
490094180,"VIA VINCENZO MALENCHINI"
490097500,"VIA VITALBA"
490100005,"VIA VITALIANO DE ANGELIS"
490094420,"VIA VITTOR EZIO MARZOCCHINI"
490092060,"VIA VITTORIO CORCOS"
490095220,"VIA VITTORIO EMANUELE ORLANDO"
490093255,"VIA VITTORIO GIAMBRUNI"
490097520,"VIA VITTORIO VENETO"
490097540,"VIA VIVOLI"
490092832,"VIA VOLTOLINO FONTANI"
490100006,"VIA WALTER MARTIGLI"
490097410,"VIALE AMERIGO VESPUCCI"
490091340,"VIALE CAPRERA"
490091460,"VIALE CASSA DI RISPARMIO"
490091960,"VIALE CRISTOFORO COLOMBO"
490090410,"VIALE DEGLI AVVALORATI"
490095700,"VIALE DEI PINI"
490097220,"VIALE DEI VALLOMBROSANI"
490096180,"VIALE DEL RISORGIMENTO"
490093880,"VIALE DELLA LIBERTA'"
490090290,"VIALE DI ANTIGNANO"
490091690,"VIALE DIACINTO CESTONI"
490092480,"VIALE DON BOSCO"
490092640,"VIALE FABBRICOTTI"
490090250,"VIALE GEN.DIEGO ANGIOLETTI"
490093180,"VIALE GENOVA"
490095087,"VIALE GIACOMO LEOPARDI"
490091380,"VIALE GIOSUE' CARDUCCI"
490090880,"VIALE GIOVANNI BOCCACCIO"
490092700,"VIALE GIOVANNI FATTORI"
490095440,"VIALE GIOVANNI PASCOLI"
490094200,"VIALE GOFFREDO MAMELI"
490094320,"VIALE GUGLIELMO MARCONI"
490095090,"VIALE IPPOLITO NIEVO"
490093650,"VIALE ITALIA"
490094790,"VIALE MOGADISCIO"
490096450,"VIALE NAZARIO SAURO"
490094160,"VIALE PADRE NICOLA MAGRI"
490095570,"VIALE PETRARCA"
490096230,"VIALE ROSA DEL TIRRENO"
490096900,"VIALE TIRRENO"
490092030,"VIALE UGO CONTI"
490092910,"VIALE UGO FOSCOLO"
490090150,"VIALE VITTORIO ALFIERI"
490090385,"VICOLO DEGLI ASINI"
490097420,"VICOLO DEI VETRAI"
490090555,"VICOLO DEL BARATTO"
490092450,"VICOLO DELLA DOGANA"
490095540,"VICOLO DELLA PERGOLA"
490093600,"VICOLO DELLE GUGLIE"
490093770,"VICOLO DELLE LAVANDAIE"
490096150,"VICOLO DELLE RIMESSE"
490097480,"VICOLO SAN VINCENZO"
