93462901,"Area di Servizio Livorno Est"
93462904,"Area di Servizio Livorno Nord"
133638527,"Belvedere Brunero Domenici"
23952608,"Borgo San Jacopo"
87997257,"Borgo San Jacopo"
170018909,"Carrareccia lungo l'Acquedotto Leopoldino"
29087247,"Corso Amedeo"
76752535,"Corso Amedeo"
114102511,"Corso Giuseppe Mazzini"
114102518,"Corso Giuseppe Mazzini"
31857199,"Corso Giuseppe Mazzini"
60788343,"Corso Giuseppe Mazzini"
74863456,"Corso Giuseppe Mazzini"
29421082,"Corso Italia"
29421083,"Corso Italia"
29421089,"Corso Italia"
29421100,"Corso Italia"
29421101,"Corso Italia"
93276513,"Corso Italia"
187544738,"Diramazione Livorno"
264945860,"Diramazione Livorno"
264945861,"Diramazione Livorno"
32549884,"Diramazione Livorno"
153593144,"Largo Alfredo Nevi"
152541565,"Largo Anna Franchi"
72140758,"Largo Attias"
78267870,"Largo Bellavista"
154323950,"Largo Divo Demi"
72135269,"Largo Emanuele Filiberto di Savoia"
72135285,"Largo Emanuele Filiberto di Savoia"
255286294,"Largo Fortunato Marinari"
264165403,"Largo Fratelli Rosselli"
264165404,"Largo Fratelli Rosselli"
49615774,"Largo Fratelli Rosselli"
49615776,"Largo Fratelli Rosselli"
60850542,"Largo Fratelli Rosselli"
60850543,"Largo Fratelli Rosselli"
268299073,"Largo Gigante"
222398852,"Largo Guido Donegani"
200081870,"Largo Petrolini"
200081871,"Largo Petrolini"
29114209,"Largo San Jacopo"
161905108,"Largo Tito Neri"
28478700,"Largo Tommaso Masera"
279371508,"Largo Vera Funaro Modigliani"
134814838,"Largo Vittorio Vaturi"
28919931,"Largo dei Risicatori"
74635247,"Largo dei Risicatori"
100050971,"Largo dei Valdesi"
255290383,"Largo del Cisternino"
72135272,"Largo del Cisternino"
139567238,"Largo del Duomo"
189674795,"Largo del Duomo"
189674796,"Largo del Duomo"
139713740,"Largo del Mercato Ortofrutticolo"
25922565,"Largo del Mercato Ortofrutticolo"
69305774,"Largo del Mercato Ortofrutticolo"
183017519,"Lungomare di Livorno"
88002682,"Lungomare di Livorno"
91783804,"Lungomare di Livorno"
226322930,"Mulino Bianco"
226322931,"Mulino Bianco"
226322932,"Mulino Bianco"
150571579,"Piazza 11 maggio"
202338787,"Piazza 185° Reggimento Artiglieria Folgore"
,"Piazza 2 giugno"
137270817,"Piazza 2 giugno"
139189401,"Piazza 2 giugno"
139189402,"Piazza 2 giugno"
25997175,"Piazza 2 giugno"
25997180,"Piazza 2 giugno"
58665531,"Piazza 2 giugno"
29375957,"Piazza 20 Settembre"
34990255,"Piazza 20 Settembre"
34990256,"Piazza 20 Settembre"
201795849,"Piazza Aldo Li Gobbi"
28953888,"Piazza Aldo Li Gobbi"
202287128,"Piazza Aldo Moro"
29183589,"Piazza Aldo Moro"
195631069,"Piazza Alfredo Sforzini"
195631070,"Piazza Alfredo Sforzini"
195631071,"Piazza Alfredo Sforzini"
30630032,"Piazza Alfredo Sforzini"
30630033,"Piazza Alfredo Sforzini"
30630035,"Piazza Alfredo Sforzini"
30630038,"Piazza Alfredo Sforzini"
58652199,"Piazza Alfredo Sforzini"
58652200,"Piazza Alfredo Sforzini"
201697166,"Piazza Andrea Sgarallino"
201697167,"Piazza Andrea Sgarallino"
28727657,"Piazza Andrea Sgarallino"
134814839,"Piazza Anita Garibaldi"
78365226,"Piazza Attias"
49615778,"Piazza Barontini"
49615779,"Piazza Barontini"
139713741,"Piazza Barriera Garibaldi"
139713742,"Piazza Barriera Garibaldi"
25901902,"Piazza Barriera Garibaldi"
271797630,"Piazza Barriera Garibaldi"
28923216,"Piazza Barriera Garibaldi"
28923217,"Piazza Barriera Garibaldi"
,"Piazza Cavour"
114113038,"Piazza Cavour"
114113039,"Piazza Cavour"
114113041,"Piazza Cavour"
139313252,"Piazza Cavour"
139313256,"Piazza Cavour"
139313257,"Piazza Cavour"
139313259,"Piazza Cavour"
139313262,"Piazza Cavour"
139567232,"Piazza Cavour"
139567233,"Piazza Cavour"
175969701,"Piazza Cavour"
195007004,"Piazza Cavour"
274089988,"Piazza Cavour"
274089990,"Piazza Cavour"
274089992,"Piazza Cavour"
74647643,"Piazza Cavour"
25347517,"Piazza Damiano Chiesa"
25347540,"Piazza Damiano Chiesa"
25347561,"Piazza Damiano Chiesa"
110580898,"Piazza Dante"
134223252,"Piazza Dante"
134223254,"Piazza Dante"
134223255,"Piazza Dante"
135160986,"Piazza Dante"
139567236,"Piazza Dante"
226768510,"Piazza Dante"
226768511,"Piazza Dante"
226768512,"Piazza Dante"
226768513,"Piazza Dante"
226768514,"Piazza Dante"
23681724,"Piazza Dante"
256602762,"Piazza Dante"
256602763,"Piazza Dante"
256602764,"Piazza Dante"
25787088,"Piazza Dante"
28329811,"Piazza Dante"
28432668,"Piazza Dante"
28432669,"Piazza Dante"
28454887,"Piazza Dante"
28454888,"Piazza Dante"
28478695,"Piazza Dante"
28478696,"Piazza Dante"
28478697,"Piazza Dante"
28478706,"Piazza Dante"
34951738,"Piazza Dante"
34951739,"Piazza Dante"
30849529,"Piazza Domenico Guerrazzi"
,"Piazza Elia Benamozegh"
33888739,"Piazza Elia Benamozegh"
41080963,"Piazza Elia Benamozegh"
41080967,"Piazza Elia Benamozegh"
80824211,"Piazza Elia Benamozegh"
,"Piazza Enrico Bartelloni"
148638660,"Piazza Enrico Bartelloni"
28433459,"Piazza Enrico Bartelloni"
143840306,"Piazza Ero Gelli"
,"Piazza Europa"
58652206,"Piazza Europa"
66000204,"Piazza Felice Cavallotti"
28923219,"Piazza Francesco Ferrucci"
72233439,"Piazza Francesco Ferrucci"
87997224,"Piazza Gavi"
86572790,"Piazza Giampaolo Bartolommei"
80864351,"Piazza Giorgio Caproni"
164652116,"Piazza Giovanni Fattori"
271016398,"Piazza Giovanni Fattori"
30816494,"Piazza Giovanni Fattori"
28848187,"Piazza Giovanni Maria Lavagna"
297371258,"Piazza Giovanni Maria Lavagna"
297371261,"Piazza Giovanni Maria Lavagna"
297371263,"Piazza Giovanni Maria Lavagna"
41080968,"Piazza Giovanni Maria Lavagna"
134470082,"Piazza Girolamo Savonarola"
153593147,"Piazza Girolamo Savonarola"
137331750,"Piazza Giuseppe Emiliano Modigliani"
36375753,"Piazza Giuseppe Emiliano Modigliani"
36375762,"Piazza Giuseppe Emiliano Modigliani"
,"Piazza Giuseppe Garibaldi"
30706194,"Piazza Giuseppe Garibaldi"
114098139,"Piazza Giuseppe Mazzini"
114139456,"Piazza Giuseppe Mazzini"
114139480,"Piazza Giuseppe Mazzini"
134647520,"Piazza Giuseppe Mazzini"
278996686,"Piazza Giuseppe Mazzini"
34241474,"Piazza Giuseppe Mazzini"
58665460,"Piazza Giuseppe Mazzini"
,"Piazza Giuseppe Micheli"
137027104,"Piazza Giuseppe Micheli"
78845708,"Piazza Giuseppe Micheli"
78845715,"Piazza Giuseppe Micheli"
,"Piazza Giuseppe Saragat"
198225971,"Piazza Giuseppe di Vittorio"
198225985,"Piazza Giuseppe di Vittorio"
198225988,"Piazza Giuseppe di Vittorio"
189674797,"Piazza Grande"
28556675,"Piazza Grande"
34942457,"Piazza Grande"
37127012,"Piazza Grande"
37127013,"Piazza Grande"
37127014,"Piazza Grande"
37127015,"Piazza Grande"
174849962,"Piazza Leonetto Cappiello"
30628748,"Piazza Leonetto Cappiello"
30628751,"Piazza Leonetto Cappiello"
30630493,"Piazza Leonetto Cappiello"
116019319,"Piazza Luigi Orlando"
313952125,"Piazza Luigi Orlando"
34241475,"Piazza Luigi Orlando"
40645425,"Piazza Manin"
40645426,"Piazza Manin"
115976946,"Piazza Matteotti"
146665795,"Piazza Matteotti"
146665796,"Piazza Matteotti"
174849965,"Piazza Matteotti"
30496691,"Piazza Matteotti"
58665471,"Piazza Matteotti"
58665472,"Piazza Matteotti"
58665473,"Piazza Matteotti"
58665474,"Piazza Matteotti"
84803127,"Piazza Matteotti"
84803137,"Piazza Matteotti"
84803138,"Piazza Matteotti"
61982266,"Piazza Odoardo Borrani"
61982268,"Piazza Odoardo Borrani"
86572798,"Piazza Odoardo Borrani"
150571576,"Piazza Pamela Ognissanti"
92241026,"Piazza Pamela Ognissanti"
130783730,"Piazza Reggimento Paracadutisti Nembo"
164637155,"Piazza Reggimento Paracadutisti Nembo"
202338788,"Piazza Reggimento Paracadutisti Nembo"
202338789,"Piazza Reggimento Paracadutisti Nembo"
75041616,"Piazza Reggimento Paracadutisti Nembo"
,"Piazza San Jacopo in Acquaviva"
211767814,"Piazza San Jacopo in Acquaviva"
201698148,"Piazza San Simone"
114095822,"Piazza Santi Pietro e Paolo"
35202318,"Piazza Santi Pietro e Paolo"
86902903,"Piazza Santi Pietro e Paolo"
86902904,"Piazza Santi Pietro e Paolo"
86902910,"Piazza Santi Pietro e Paolo"
58304993,"Piazza Unità d'Italia"
72135271,"Piazza Vigo"
201513722,"Piazza Villa Chayes"
230723260,"Piazza Villa Chayes"
29114204,"Piazza Villa Chayes"
28390685,"Piazza dei Domenicani"
58665514,"Piazza dei Domenicani"
29421085,"Piazza dei Donatori di sangue"
240494398,"Piazza dei Legnami"
75596918,"Piazza dei Legnami"
75596919,"Piazza dei Legnami"
30706188,"Piazza dei Mille"
58665517,"Piazza dei Mille"
58665518,"Piazza dei Mille"
143840308,"Piazza del Castello"
203184888,"Piazza del Castello"
160469568,"Piazza del Cisternone"
160469572,"Piazza del Cisternone"
23681817,"Piazza del Cisternone"
250690059,"Piazza del Cisternone"
58652203,"Piazza del Fiore"
58652204,"Piazza del Fiore"
,"Piazza del Luogo Pio"
191695579,"Piazza del Mercatino"
30924338,"Piazza del Municipio"
137027107,"Piazza del Pamiglione"
34167246,"Piazza del Pamiglione"
271173653,"Piazza del Portuale"
78845725,"Piazza della Colonnella"
250692200,"Piazza della Pescheria Nuova"
122901743,"Piazza della Repubblica"
139567241,"Piazza della Repubblica"
139567244,"Piazza della Repubblica"
23681824,"Piazza della Repubblica"
23681860,"Piazza della Repubblica"
254192628,"Piazza della Repubblica"
254192629,"Piazza della Repubblica"
254192630,"Piazza della Repubblica"
254192631,"Piazza della Repubblica"
29030319,"Piazza della Repubblica"
32912591,"Piazza della Repubblica"
22726437,"Piazza della Stazione"
,"Piazza della Vittoria"
208896208,"Piazza della Vittoria"
208920437,"Piazza della Vittoria"
29030313,"Piazza della Vittoria"
29087246,"Piazza della Vittoria"
29093999,"Piazza della Vittoria"
293770189,"Piazza della Vittoria"
60788450,"Piazza della Vittoria"
82226070,"Piazza della Vittoria"
112294174,"Piazza delle Carrozze"
134814850,"Piazza delle Fiamme Gialle"
36375754,"Piazza delle Isole"
29856005,"Piazza di Montenero"
88268071,"Piazza di Montenero"
202456908,"Piazza di Vittorio"
202456909,"Piazza di Vittorio"
202456910,"Piazza di Vittorio"
29421067,"Piazza di Vittorio"
114096939,"Piazza la Giovine Italia"
114139425,"Piazza la Giovine Italia"
86902932,"Piazza la Giovine Italia"
202589585,"Piazzale Montello"
202589586,"Piazzale Montello"
202589587,"Piazzale Montello"
202589588,"Piazzale Montello"
202589589,"Piazzale Montello"
202589590,"Piazzale Montello"
28953885,"Piazzale Montello"
315375125,"Piazzale Vittime della Moby Prince"
55301669,"Piazzale Zara"
271173655,"Piazzale dei Marmi"
191695580,"Ponte dei Francesi"
191695581,"Ponte dei Francesi"
242392579,"Ponte dei Francesi"
79652359,"Ponte dei Francesi"
286853458,"Ponte di San Giovanni Nepomuceno"
60174489,"Rotonda d'Ardenza"
60174490,"Rotonda d'Ardenza"
102414466,"SP6 Parrana San Martino"
102414476,"SP6 Parrana San Martino"
102414490,"SP6 Parrana San Martino"
102416143,"SP6 Parrana San Martino"
296173434,"SP6 Parrana San Martino"
135310680,"Salita Dai-Dai"
114098142,"Scali Adriano Novi Lena"
316992365,"Scali Adriano Novi Lena"
162032926,"Scali Aurelio Saffi"
162032927,"Scali Aurelio Saffi"
279853859,"Scali Aurelio Saffi"
279853861,"Scali Aurelio Saffi"
29375958,"Scali Aurelio Saffi"
270333365,"Scali Cerere"
23681876,"Scali Dogana D'Acqua"
240288296,"Scali Dogana D'Acqua"
114098467,"Scali Enrico Cialdini"
212403950,"Scali Enrico Cialdini"
212403952,"Scali Enrico Cialdini"
316037077,"Scali Enrico Cialdini"
72135274,"Scali Enrico Cialdini"
268453917,"Scali Finocchietti"
35209693,"Scali Finocchietti"
279853863,"Scali Luigi Bettarini"
279853866,"Scali Luigi Bettarini"
29030320,"Scali Luigi Bettarini"
240815750,"Scali Manzoni"
116021076,"Scali Novi Lena"
279853868,"Scali Olandesi"
279853869,"Scali Olandesi"
279853871,"Scali Olandesi"
279853874,"Scali Olandesi"
29388644,"Scali Olandesi"
33891248,"Scali Olandesi"
34244940,"Scali Rosciano"
34244945,"Scali Rosciano"
45494678,"Scali Rosciano"
137270821,"Scali San Lorenzo"
264165405,"Scali d'Azeglio"
28556678,"Scali d'Azeglio"
42708904,"Scali degli Isolotti"
268453918,"Scali del Corso"
34991699,"Scali del Monte Pio"
71884400,"Scali del Naviglio"
28390688,"Scali del Pesce"
28390690,"Scali del Ponte di Marmo"
113978812,"Scali del Pontino"
28432658,"Scali del Pontino"
28432659,"Scali del Pontino"
42829026,"Scali del Pontino"
42829027,"Scali del Pontino"
45484871,"Scali del Pontino"
58665522,"Scali del Pontino"
34244946,"Scali del Refugio"
60927357,"Scali del Teatro"
23681905,"Scali del Vescovado"
35202313,"Scali della Darsena"
71884414,"Scali della Fortezza Nuova"
279451205,"Scali delle Ancore"
28433462,"Scali delle Barchette"
136548663,"Scali delle Cantine"
23681875,"Scali delle Cantine"
30706190,"Scali delle Cantine"
34953065,"Scali delle Cantine"
41337357,"Scali delle Macine"
30278611,"Scali delle Pietre"
226322933,"Sentiero del Ponte del Diavolo"
157595451,"Strada Provinciale della Valle Benedetta"
206589688,"Strada Provinciale della Valle Benedetta"
208500048,"Strada Provinciale della Valle Benedetta"
254399359,"Strada Provinciale della Valle Benedetta"
263366870,"Strada Provinciale della Valle Benedetta"
301148072,"Strada Provinciale della Valle Benedetta"
301148074,"Strada Provinciale della Valle Benedetta"
301148079,"Strada Provinciale della Valle Benedetta"
301148086,"Strada Provinciale della Valle Benedetta"
187544767,"Strada Provinciale delle Colline"
118953183,"Strada Provinciale di Popogna"
118953185,"Strada Provinciale di Popogna"
171767568,"Strada Provinciale di Popogna"
172848020,"Strada Provinciale di Popogna"
172848021,"Strada Provinciale di Popogna"
212916817,"Strada Provinciale di Popogna"
212916821,"Strada Provinciale di Popogna"
226322936,"Strada Provinciale di Popogna"
226322937,"Strada Provinciale di Popogna"
237581491,"Strada Provinciale di Popogna"
255534592,"Strada Provinciale di Popogna"
255534593,"Strada Provinciale di Popogna"
31556725,"Strada Provinciale di Popogna"
55301668,"Strada Provinciale di Popogna"
55301673,"Strada Provinciale di Popogna"
182449828,"Strada di Grande Comunicazione Firenze-Pisa-Livorno"
182449831,"Strada di Grande Comunicazione Firenze-Pisa-Livorno"
20467075,"Strada di Grande Comunicazione Firenze-Pisa-Livorno"
31666685,"Strada di Grande Comunicazione Firenze-Pisa-Livorno"
32549880,"Strada di Grande Comunicazione Firenze-Pisa-Livorno"
32549881,"Strada di Grande Comunicazione Firenze-Pisa-Livorno"
4625968,"Strada di Grande Comunicazione Firenze-Pisa-Livorno"
84358309,"Strada di Grande Comunicazione Firenze-Pisa-Livorno"
85763607,"Strada di Grande Comunicazione Firenze-Pisa-Livorno"
85763608,"Strada di Grande Comunicazione Firenze-Pisa-Livorno"
85763609,"Strada di Grande Comunicazione Firenze-Pisa-Livorno"
252366796,Telegrafo
,"Terrazza Mascagni"
61982272,"Terrazza d'Ardenza"
170018886,"Tratta di accesso al Sentiero lungo l'Acquedotto Leopoldino"
231241708,"Tratta di accesso al Sentiero lungo l'Acquedotto Leopoldino"
231241725,"Tratta sulla Via di accesso alla Discarica di Vallin dell'Aquila"
28965303,"Variante Radar (Tratta di Poggio ai 3 Molini)"
128205700,"Vecchia Aurelia"
128205701,"Vecchia Aurelia"
128205702,"Vecchia Aurelia"
128205704,"Vecchia Aurelia"
128205887,"Vecchia Aurelia"
140043307,"Vecchia Aurelia"
152742111,"Vecchia Aurelia"
152742112,"Vecchia Aurelia"
152742113,"Vecchia Aurelia"
152742114,"Vecchia Aurelia"
163125973,"Vecchia Aurelia"
164652104,"Vecchia Aurelia"
164652105,"Vecchia Aurelia"
164652106,"Vecchia Aurelia"
172188340,"Vecchia Aurelia"
172188343,"Vecchia Aurelia"
172188345,"Vecchia Aurelia"
25347564,"Vecchia Aurelia"
25347566,"Vecchia Aurelia"
25412773,"Vecchia Aurelia"
306580061,"Vecchia Aurelia"
306580062,"Vecchia Aurelia"
310345531,"Vecchia Aurelia"
310345532,"Vecchia Aurelia"
32634790,"Vecchia Aurelia"
130783747,"Via 19 luglio 1944"
275311852,"Via 25 aprile"
29421079,"Via 25 aprile"
72473714,"Via 25 aprile"
294651753,"Via 3 novembre"
49615781,"Via 3 novembre"
29421108,"Via 8 Marzo"
29421110,"Via 8 Marzo"
29421112,"Via 8 Marzo"
157541616,"Via A. Bonaventura"
75488516,"Via Abruzzi"
193015302,"Via Accademia Labronica"
193167152,"Via Accademia Labronica"
193167153,"Via Accademia Labronica"
193167154,"Via Accademia Labronica"
193167155,"Via Accademia Labronica"
193167156,"Via Accademia Labronica"
30606087,"Via Accademia Labronica"
321501215,"Via Accademia Labronica"
321501216,"Via Accademia Labronica"
25997183,"Via Achille Grandi"
192968317,"Via Achille Valenti"
169253485,"Via Adolfo Minghi"
28803321,"Via Adolfo Minghi"
136776330,"Via Adolfo Tommasi"
136776331,"Via Adolfo Tommasi"
136776332,"Via Adolfo Tommasi"
136776333,"Via Adolfo Tommasi"
206841001,"Via Adolfo Tommasi"
206841002,"Via Adolfo Tommasi"
28803317,"Via Adolfo Tommasi"
29048603,"Via Adriana"
134470058,"Via Adriano Lemmi"
23952728,"Via Adua"
107827472,"Via Agreste"
72474033,"Via Agreste"
202456914,"Via Aiaccia"
202456915,"Via Aiaccia"
202456916,"Via Aiaccia"
31149644,"Via Aiaccia"
31149678,"Via Aiaccia"
31149682,"Via Aiaccia"
31149683,"Via Aiaccia"
31149684,"Via Aiaccia"
31149685,"Via Aiaccia"
31348557,"Via Aiaccia"
33681031,"Via Alberto Montanari"
200230185,"Via Alcide De Gasperi"
202589591,"Via Alcide De Gasperi"
29421114,"Via Alcide De Gasperi"
96250537,"Via Alessandro Doveri"
167468693,"Via Alessandro Lotti"
134223256,"Via Alessandro Pannocchia"
162032928,"Via Alessandro Pieroni"
162032929,"Via Alessandro Pieroni"
34942456,"Via Alessandro Pieroni"
75596922,"Via Alessandro Pieroni"
40645424,"Via Alessandro Volta"
193015304,"Via Alfredo Ascoli"
30029751,"Via Alfredo Ascoli"
28308480,"Via Alfredo Catalani"
28308481,"Via Alfredo Catalani"
72473747,"Via Alfredo Jeri"
28782715,"Via Alfredo Soffredini"
195142649,"Via Amedeo Modigliani"
202456917,"Via Amedeo Modigliani"
28913266,"Via Amedeo Modigliani"
28965717,"Via Amedeo Modigliani"
29421124,"Via Amedeo Modigliani"
29421125,"Via Amedeo Modigliani"
29421126,"Via Amedeo Modigliani"
32743985,"Via Amedeo Modigliani"
113978809,"Via Andrea Costa"
242392657,"Via Andrea Costa"
271173657,"Via Andrea Costa"
271173658,"Via Andrea Costa"
271173660,"Via Andrea Costa"
271173661,"Via Andrea Costa"
31149788,"Via Andrea Costa"
142160643,"Via Andrea Sgarallino"
134470059,"Via Andrea de' Pazzi"
224411452,"Via Andrea de' Pazzi"
137270822,"Via Angelica Palli"
201697169,"Via Angelina Tiberini"
25347521,"Via Angiolo Badaloni"
25347522,"Via Angiolo Badaloni"
28308498,"Via Angiolo Badaloni"
151507882,"Via Angiolo Tommasi"
29071183,"Via Angiolo Tommasi"
30630315,"Via Angiolo Tommasi"
107825416,"Via Anna Frank"
28851420,"Via Anna Frank"
31149789,"Via Anna Frank"
148685003,"Via Anna Maria Enriques Agnoletti"
25922711,"Via Antonio Bacchelli"
78360330,"Via Antonio Bacchelli"
74635254,"Via Antonio Baldovinetti"
28803326,"Via Antonio Corazzi"
28803338,"Via Antonio Corazzi"
28803339,"Via Antonio Corazzi"
72473734,"Via Antonio Federico Ozanam"
140034375,"Via Antonio Francesco Pigafetta"
148688193,"Via Antonio Gramsci"
148688196,"Via Antonio Gramsci"
150571578,"Via Antonio Gramsci"
69316740,"Via Antonio Gramsci"
72137170,"Via Antonio Gramsci"
193015305,"Via Antonio Labriola"
32519113,"Via Antonio Labriola"
58665453,"Via Antonio Mangini"
200351974,"Via Antonio Meucci"
200351976,"Via Antonio Meucci"
200351978,"Via Antonio Meucci"
28478689,"Via Antonio Meucci"
28478690,"Via Antonio Meucci"
142160644,"Via Antonio Pacinotti"
160135789,"Via Antonio Pacinotti"
260797466,"Via Antonio Pacinotti"
28702740,"Via Antonio Pacinotti"
34167247,"Via Antonio da Sangallo"
130783714,"Via Aramis Guelfi"
116173130,"Via Aristide Nardini Despotti Mospignotti"
231760104,"Via Aristide Nardini Despotti Mospignotti"
29388649,"Via Aristide Nardini Despotti Mospignotti"
29388650,"Via Aristide Nardini Despotti Mospignotti"
30489052,"Via Aristide Vivarelli"
72135270,"Via Armando Diaz"
142898419,"Via Arsenale"
282389128,"Via Arsenale"
271016406,"Via Arturo Conti"
209093776,"Via Arturo Graf"
153593160,"Via Aspromonte"
28913264,"Via Astolfo Lunardi"
37863924,"Via Athos Mainardi"
150014503,"Via Athos Setti"
150014506,"Via Athos Setti"
152908980,"Via Augusto Liverani"
152908982,"Via Augusto Liverani"
34129018,"Via Augusto Liverani"
58181919,"Via Augusto Novelli"
135470720,"Via Augusto Righi"
112402298,"Via Aurelia"
112402300,"Via Aurelia"
112402305,"Via Aurelia"
112402306,"Via Aurelia"
116174151,"Via Aurelia"
116174152,"Via Aurelia"
121963281,"Via Aurelia"
121963282,"Via Aurelia"
121963283,"Via Aurelia"
121963284,"Via Aurelia"
122296539,"Via Aurelia"
122296542,"Via Aurelia"
129842058,"Via Aurelia"
135434161,"Via Aurelia"
135434165,"Via Aurelia"
135434167,"Via Aurelia"
135434169,"Via Aurelia"
139715677,"Via Aurelia"
142706288,"Via Aurelia"
142706291,"Via Aurelia"
142707174,"Via Aurelia"
142707175,"Via Aurelia"
147776855,"Via Aurelia"
147776856,"Via Aurelia"
147776857,"Via Aurelia"
147776858,"Via Aurelia"
154239045,"Via Aurelia"
164644854,"Via Aurelia"
164644855,"Via Aurelia"
197939558,"Via Aurelia"
197939559,"Via Aurelia"
197939560,"Via Aurelia"
197939561,"Via Aurelia"
197939562,"Via Aurelia"
197939563,"Via Aurelia"
197939565,"Via Aurelia"
197939567,"Via Aurelia"
197939569,"Via Aurelia"
197939570,"Via Aurelia"
197939571,"Via Aurelia"
197939572,"Via Aurelia"
197939573,"Via Aurelia"
197939578,"Via Aurelia"
197939579,"Via Aurelia"
197939580,"Via Aurelia"
197939581,"Via Aurelia"
197939583,"Via Aurelia"
197939589,"Via Aurelia"
197939605,"Via Aurelia"
197939607,"Via Aurelia"
197939609,"Via Aurelia"
197939612,"Via Aurelia"
197939617,"Via Aurelia"
22726406,"Via Aurelia"
22726455,"Via Aurelia"
22726464,"Via Aurelia"
22733213,"Via Aurelia"
22733214,"Via Aurelia"
22733215,"Via Aurelia"
22736674,"Via Aurelia"
229768603,"Via Aurelia"
231788329,"Via Aurelia"
240688911,"Via Aurelia"
240688914,"Via Aurelia"
25347553,"Via Aurelia"
25453767,"Via Aurelia"
25453768,"Via Aurelia"
255121153,"Via Aurelia"
255121154,"Via Aurelia"
255121155,"Via Aurelia"
255121156,"Via Aurelia"
25810148,"Via Aurelia"
25905030,"Via Aurelia"
25905034,"Via Aurelia"
295205393,"Via Aurelia"
295205394,"Via Aurelia"
29858815,"Via Aurelia"
29858816,"Via Aurelia"
29858817,"Via Aurelia"
29858818,"Via Aurelia"
300216573,"Via Aurelia"
30815789,"Via Aurelia"
30815790,"Via Aurelia"
30815791,"Via Aurelia"
30815792,"Via Aurelia"
30815793,"Via Aurelia"
30815794,"Via Aurelia"
31137064,"Via Aurelia"
316318825,"Via Aurelia"
32549883,"Via Aurelia"
33136366,"Via Aurelia"
33136368,"Via Aurelia"
33136371,"Via Aurelia"
33136373,"Via Aurelia"
38145202,"Via Aurelia"
38145203,"Via Aurelia"
48163420,"Via Aurelia"
48163422,"Via Aurelia"
48163423,"Via Aurelia"
5470084,"Via Aurelia"
5470087,"Via Aurelia"
58618411,"Via Aurelia"
58618413,"Via Aurelia"
58618417,"Via Aurelia"
58766376,"Via Aurelia"
58766377,"Via Aurelia"
58768770,"Via Aurelia"
58768809,"Via Aurelia"
203425868,"Via Aurelia Sud"
203425869,"Via Aurelia Sud"
203425870,"Via Aurelia Sud"
203426411,"Via Aurelia Sud"
232039680,"Via Aurelia Sud"
25810901,"Via Aurelia Sud"
301632465,"Via Aurelia Sud"
314485222,"Via Aurelia Sud"
49246689,"Via Aurelia Sud"
144163136,"Via Aurelio Lampredi"
28766557,"Via Aurelio Lampredi"
28766558,"Via Aurelio Lampredi"
126624496,"Via Aurelio Nicolodi"
74635252,"Via Aurelio Nicolodi"
74635253,"Via Aurelio Nicolodi"
74635262,"Via Aurelio Nicolodi"
74635263,"Via Aurelio Nicolodi"
135780249,"Via Aurelio Saffi"
297389481,"Via Aurelio Saffi"
61981029,"Via Aurelio Ugolini"
29908963,"Via Azzati"
72140754,"Via Baciocchi"
29009738,"Via Basilicata"
58665520,"Via Bassa"
77925013,"Via Bassa"
28923220,"Via Bastogi"
70548226,"Via Bat-Yam"
117411447,"Via Beato Angelico"
172072637,"Via Belgio"
200823731,"Via Belgio"
259537320,"Via Benedetto Brin"
29114208,"Via Benedetto Brin"
170116006,"Via Bengasi"
28329807,"Via Bengasi"
70727319,"Via Bengasi"
51764998,"Via Benvenuto Benvenuti"
29114199,"Via Benvenuto Cellini"
28953884,"Via Beppe Orlandi"
58181928,"Via Bernardetto Borromei"
134814841,"Via Bernardina"
162032930,"Via Bernardina"
47800952,"Via Bernardo Buontalenti"
28913261,"Via Bernardo Prato"
29375959,"Via Bettino Ricasoli"
153595696,"Via Bezzecca"
153595774,"Via Bezzecca"
30958424,"Via Bonaini"
157541601,"Via Borgo dei Cappuccini"
28389585,"Via Borgo dei Cappuccini"
34942459,"Via Borgo dei Cappuccini"
49870873,"Via Borgo dei Cappuccini"
279451206,"Via Borra"
28390682,"Via Borra"
28987759,"Via Borra"
28987760,"Via Borra"
34990253,"Via Borra"
34990254,"Via Borra"
135476303,"Via Bruno Buozzi"
135476304,"Via Bruno Buozzi"
29421090,"Via Bruno Buozzi"
29421131,"Via Bruno Buozzi"
69316745,"Via Buia"
159518186,"Via Bulgaria"
157541602,"Via Buontalenti"
27428938,"Via Buontalenti"
66001479,"Via Buontalenti"
72135280,"Via Buontalenti"
61982264,"Via Caduti Forze di Polizia"
86572796,"Via Caduti dei Lager Nazisti"
86572803,"Via Caduti dei Lager Nazisti"
28803325,"Via Caduti del Lavoro"
198225970,"Via Caduti di Marzabotto"
138497483,"Via Cafiero Filippelli"
147778428,"Via Cafiero Filippelli"
28556676,"Via Cairoli"
58665500,"Via Calabria"
191284290,"Via Calafati"
150553997,"Via Calatafimi"
198090049,"Via Calatafimi"
198090050,"Via Calatafimi"
31659462,"Via Calatafimi"
31659463,"Via Calatafimi"
231760105,"Via Calzabigi"
29388647,"Via Calzabigi"
72140759,"Via Calzabigi"
157595459,"Via Campania"
28478693,"Via Campania"
31049218,"Via Campo di Marte"
31049219,"Via Campo di Marte"
28329341,"Via Cardinale Alfredo Maffi"
58177845,"Via Carlo Antonio Campioni"
72473693,"Via Carlo Bernheimer"
89041439,"Via Carlo Bini"
29421127,"Via Carlo Cammeo"
152747905,"Via Carlo Cattaneo"
198225901,"Via Carlo Cattaneo"
198225902,"Via Carlo Cattaneo"
29071179,"Via Carlo Cattaneo"
301722304,"Via Carlo Coccioli"
209414804,"Via Carlo Goldoni"
58181923,"Via Carlo Goldoni"
76752534,"Via Carlo Goldoni"
107825415,"Via Carlo Lorenzini"
107825418,"Via Carlo Lorenzini"
203018888,"Via Carlo Lorenzini"
203018889,"Via Carlo Lorenzini"
221882986,"Via Carlo Lorenzini"
33122915,"Via Carlo Lorenzini"
35555080,"Via Carlo Lorenzini"
71884387,"Via Carlo Lorenzini"
32882502,"Via Carlo Meyer"
28913263,"Via Carlo Pigli"
89041437,"Via Carlo Pisacane"
261729649,"Via Carlo Puini"
261729650,"Via Carlo Puini"
28953891,"Via Carlo Puini"
75041615,"Via Carlo Puini"
75041629,"Via Carlo Puini"
194171430,"Via Carlo Servolini"
31796693,"Via Carlo Servolini"
96250532,"Via Carolina Internari"
30278438,"Via Castelli"
30278439,"Via Castelli"
34418739,"Via Castelli"
40645427,"Via Castelli della Vinca"
28455428,"Via Catanzaro"
174849968,"Via Cavalletti"
28389583,"Via Cecconi"
28803336,"Via Cecioni"
160057770,"Via Cesare Bartolena"
214134520,"Via Cesare Bartolena"
29375962,"Via Cesare Battisti"
279371509,"Via Cesare Beccaria"
279371510,"Via Cesare Beccaria"
279371511,"Via Cesare Beccaria"
281627635,"Via Cesare Beccaria"
281627637,"Via Cesare Beccaria"
29421138,"Via Cesare Pavese"
46986189,"Via Cesare Tarrini"
89041434,"Via Cesare Tarrini"
89041438,"Via Cesare Tarrini"
89041440,"Via Cesare Tarrini"
31064022,"Via Chiellini"
203184892,"Via Ciliegio"
203184893,"Via Ciliegio"
72473748,"Via Ciliegio"
89728214,"Via Cimabue"
191695583,"Via Ciro Menotti"
227690052,"Via Ciro Menotti"
115890792,"Via Città del Vaticano"
172507699,"Via Città del Vaticano"
197592812,"Via Città del Vaticano"
28848188,"Via Città del Vaticano"
30888296,"Via Claudio Cogorano"
45628749,"Via Cocchi"
114866091,"Via Collinet"
114866092,"Via Collinet"
31776393,"Via Collinet"
29421071,"Via Concetto Marchesi"
33689689,"Via Conte Luigi Cadorna"
28913488,"Via Corrado Dodoli"
41175308,"Via Corrado Dodoli"
114108460,"Via Corsica"
36375752,"Via Corsica"
46986191,"Via Cosimo Palamidessi"
29030321,"Via Cosimo del Fante"
30840545,"Via Cosimo del Fante"
78845779,"Via Cosimo del Fante"
107825365,"Via Costanza"
107825369,"Via Costanza"
107825394,"Via Costanza"
107825409,"Via Costanza"
107825427,"Via Costanza"
107825432,"Via Costanza"
107825437,"Via Costanza"
139718789,"Via Costanza"
174639634,"Via Costanza"
174639636,"Via Costanza"
174639637,"Via Costanza"
195826558,"Via Costanza"
223478439,"Via Costanza"
28803314,"Via Costanza"
58177837,"Via Costanza"
31659418,"Via Costanzo Ebat"
250682420,"Via Coteto"
32882504,"Via Coteto"
114088521,"Via Crimea"
144068227,"Via Cristoforo Colombo"
164652107,"Via Cristoforo Colombo"
164652108,"Via Cristoforo Colombo"
35202309,"Via Curtatone e Montanara"
166182471,"Via Danimarca"
29421104,"Via Dante Alighieri"
41080966,"Via Dario Cassuto"
28913250,"Via Dario Niccodemi"
86572786,"Via Delfino Cinelli"
32914037,"Via Della Gherardesca"
28923221,"Via Derna"
30278136,"Via Diacinto Cestoni"
113978807,"Via Diego Donegani"
225427262,"Via Diego Donegani"
225427263,"Via Diego Donegani"
315780737,"Via Diego Donegani"
36825008,"Via Diego Donegani"
30816490,"Via Diego Martelli"
27791209,"Via Dino Livio Frangioni"
28913257,"Via Dino Lugetti"
44598096,"Via Dino Lugetti"
202338790,"Via Dino Provenzal"
23682236,"Via Dino Provenzal"
160057771,"Via Diomede Bonamici"
30029750,"Via Diomede Bonamici"
138497484,"Via Domenico Cimarosa"
138497485,"Via Domenico Cimarosa"
239223849,"Via Domenico Cimarosa"
250393496,"Via Domenico Cimarosa"
250393498,"Via Domenico Cimarosa"
28308490,"Via Domenico Cimarosa"
84841847,"Via Domenico Cimarosa"
25901906,"Via Domenico Passaponti"
25997171,"Via Domenico Passaponti"
58665532,"Via Domenico Passaponti"
58665533,"Via Domenico Passaponti"
71884399,"Via Domenico Passaponti"
144103630,"Via Don Bosco"
144103633,"Via Don Bosco"
28329342,"Via Don Bosco"
28478701,"Via Don Bosco"
71884410,"Via Don Bosco"
86902912,"Via Don Giovanni Battista Quilici"
29421063,"Via Don Giovanni Verità"
164652112,"Via Don Italo Gambini"
134470083,"Via Don Milani"
186496289,"Via Don Minzoni"
89002904,"Via Don Renzo Gori"
145816718,"Via Don Roberto Angeli"
135476305,"Via Donato Rossetti"
143840309,"Via Duca Cosimo"
202338791,"Via Duca Cosimo"
203184894,"Via Duca Cosimo"
275297208,"Via Duca Cosimo"
86572782,"Via Duca Cosimo"
198083318,"Via Duccio Galimberti"
228857134,"Via Duccio Galimberti"
58652202,"Via Duccio Galimberti"
135162937,"Via Edda Fagni"
135162938,"Via Edda Fagni"
135162940,"Via Edda Fagni"
194171432,"Via Edmondo De Amicis"
236248190,"Via Elia Baquis"
236248191,"Via Elia Baquis"
236248192,"Via Elia Baquis"
36375757,"Via Elio Fantini"
203184895,"Via Elio Zeme"
86572801,"Via Elio Zeme"
166726214,"Via Emilia"
197705347,"Via Emilio Zola"
29091711,"Via Emilio Zola"
30029733,"Via Emilio Zola"
157541603,"Via Enrico Bartelloni"
28329344,"Via Enrico Fontana"
159512378,"Via Enrico Mattei"
159512379,"Via Enrico Mattei"
36825012,"Via Enrico Mattei"
114113042,"Via Enrico Mayer"
33891249,"Via Enrico Mayer"
60927352,"Via Enrico Pollastrini"
29907645,"Via Enrico Toti"
34129799,"Via Enrico delle Sedie"
112402301,"Via Enriques"
112402304,"Via Enriques"
161250676,"Via Enriques"
161250677,"Via Enriques"
35780216,"Via Enriques"
209894643,"Via Enzo Fregosi"
28923213,"Via Enzo Poli"
107827454,"Via Eolo"
29114206,"Via Ermenegildo Bois"
279371512,"Via Erminia Cremoni"
279371513,"Via Erminia Cremoni"
29087231,"Via Ernesto Manasse"
161487288,"Via Ernesto Rossi"
222401368,"Via Ernesto Rossi"
222401369,"Via Ernesto Rossi"
33891247,"Via Ernesto Rossi"
34129022,"Via Ernesto Rossi"
72137172,"Via Ernesto Rossi"
70548211,"Via Ersilio Michel"
275312311,"Via Ettore Quaglierini"
230527636,"Via Ettore Toci"
129521430,"Via Eugenia"
29421065,"Via Eugenio Curiel"
29421096,"Via Eugenio Curiel"
30899810,"Via Eugenio Curiel"
28913252,"Via Eugenio Rignano"
273963155,"Via Eugenio Sansoni"
28297371,"Via Fabio Campana"
34566932,"Via Fabio Filzi"
139554349,"Via Fabrizio de Andrè"
139554350,"Via Fabrizio de Andrè"
58181911,"Via Fagiuoli"
31854053,"Via Falcone e Borsellino"
70552086,"Via Federico Caprilli"
174849970,"Via Feliks Bikonacki"
174849972,"Via Feliks Bikonacki"
174849987,"Via Feliks Bikonacki"
218220919,"Via Feliks Bikonacki"
70548209,"Via Feliks Bikonacki"
77925011,"Via Ferruccio Busoni"
126624492,"Via Ferruccio Rontini"
47069757,"Via Filippo Buonarroti"
32266426,"Via Filippo Corridi"
61981032,"Via Filippo Corridoni"
250692201,"Via Filippo Ganucci"
286853455,"Via Filippo Ganucci"
286853456,"Via Filippo Ganucci"
28987761,"Via Filippo Ganucci"
135476306,"Via Filippo Turati"
154567202,"Via Filippo Turati"
244986529,"Via Filippo Turati"
28848185,"Via Filippo Venuti"
34951745,"Via Finlandia"
58181920,"Via Fiorenza"
135434172,"Via Firenze"
135434174,"Via Firenze"
135434180,"Via Firenze"
135434181,"Via Firenze"
135434185,"Via Firenze"
135434187,"Via Firenze"
152417962,"Via Firenze"
152417963,"Via Firenze"
152417964,"Via Firenze"
152417965,"Via Firenze"
152417966,"Via Firenze"
152564512,"Via Firenze"
153721336,"Via Firenze"
230991684,"Via Firenze"
25901899,"Via Firenze"
25901903,"Via Firenze"
25936436,"Via Firenze"
29266612,"Via Firenze"
35933139,"Via Firenze"
85765100,"Via Firenze"
85765101,"Via Firenze"
85765619,"Via Firenze"
161487286,"Via Fiume"
33684593,"Via Fiume"
211195113,"Via Fonte della Puzzolente"
211195114,"Via Fonte della Puzzolente"
42830238,"Via Fonte della Puzzolente"
42832216,"Via Fonte della Puzzolente"
42832814,"Via Fonte della Puzzolente"
35780219,"Via Fonte di Santo Stefano"
174443014,"Via Forte dei Cavalleggeri"
32882503,"Via Forte dei Cavalleggeri"
192338006,"Via Fortunato Garzelli"
212916836,"Via Fortunato Garzelli"
32266425,"Via Fortunato Garzelli"
72473727,"Via Fosse Ardeatine"
186496299,"Via Francesca Laura Morvillo"
28953886,"Via Francesco Baracca"
25347523,"Via Francesco Carega"
25459019,"Via Francesco Carega"
156799288,"Via Francesco Chiusa"
297371272,"Via Francesco Chiusa"
316992366,"Via Francesco Crispi"
36134566,"Via Francesco Crispi"
29200707,"Via Francesco De Santis"
51764994,"Via Francesco Domenico Falcucci"
51764996,"Via Francesco Domenico Falcucci"
172710953,"Via Francesco Domenico Guerrazzi"
29421102,"Via Francesco Domenico Guerrazzi"
29421117,"Via Francesco Domenico Guerrazzi"
174443020,"Via Francesco Mimbelli"
140037181,"Via Francesco Pera"
30506929,"Via Francesco Redi"
174614067,"Via Francia"
174614069,"Via Francia"
29009728,"Via Francia"
29009729,"Via Francia"
32677155,"Via Francia"
32677157,"Via Francia"
32777210,"Via Francia"
142608965,"Via Franco Lipitzer"
142608966,"Via Franco Lipitzer"
142613077,"Via Franco Mazzaccherini"
174496986,"Via Fraschetti"
72473702,"Via Fraschetti"
152541569,"Via Fratelli Bandiera"
71884393,"Via Fratelli Bandiera"
71884421,"Via Fratelli Bandiera"
134470060,"Via Fratelli Cervi"
30769540,"Via Fratelli Gigli"
29421133,"Via Fratelli Rosselli"
46986186,"Via Fratelli del Conte"
134219481,"Via Frida Misul"
135434192,"Via Frida Misul"
135434194,"Via Frida Misul"
237527578,"Via Frida Misul"
32543703,"Via Frida Misul"
71054754,"Via Frida Misul"
71054755,"Via Frida Misul"
152417967,"Via Gabriello Chiabrera"
72474032,"Via Gabriello Chiabrera"
114098141,"Via Gaetano D'Alesio"
114139452,"Via Gaetano D'Alesio"
114139475,"Via Gaetano D'Alesio"
251029043,"Via Gaetano D'Alesio"
269873954,"Via Gaetano Mazzoni"
25453991,"Via Gaetano Palloni"
29094000,"Via Gaetano Poggiali"
28329346,"Via Galeazzo Pardera"
35213528,"Via Galeazzo Pardera"
58665488,"Via Galeazzo Pardera"
35555077,"Via Galileo Ferraris"
28433461,"Via Galileo Galilei"
30656824,"Via Galileo Galilei"
153251182,"Via Galliano Masini"
153251188,"Via Galliano Masini"
153251235,"Via Galliano Masini"
153251287,"Via Galliano Masini"
58665515,"Via Gazzarrini"
75041617,"Via Generale Diego Angioletti"
75041636,"Via Generale Diego Angioletti"
125611872,"Via Generale Enrico Tellini"
134470062,"Via Generale Giovanni Gamerra"
87997230,"Via Generale Giovanni Gamerra"
154343805,"Via Germania"
72135268,"Via Gherardi del Testa"
130783699,"Via Ghisleri"
286898672,"Via Ghisleri"
67146532,"Via Ghisleri"
186553937,"Via Giacomo Leopardi"
236256167,"Via Giacomo Leopardi"
29071188,"Via Giacomo Leopardi"
74635248,"Via Giacomo Leopardi"
28297363,"Via Giacomo Puccini"
28330047,"Via Giacomo di Castelnuovo"
28782714,"Via Giampaolo Menichetti"
218220920,"Via Gian Domenico Romagnosi"
279371514,"Via Gian Paolo Gamerra"
279371515,"Via Gian Paolo Gamerra"
279371516,"Via Gian Paolo Gamerra"
279371517,"Via Gian Paolo Gamerra"
279371518,"Via Gian Paolo Gamerra"
107825436,"Via Gianfranco Merli"
237534023,"Via Gianfranco Merli"
169743474,"Via Gino Capponi"
28782711,"Via Gino Capponi"
237527579,"Via Gino Graziani"
23814403,"Via Gino Graziani"
23814425,"Via Gino Graziani"
23814427,"Via Gino Graziani"
23814430,"Via Gino Graziani"
23814451,"Via Gino Graziani"
34206964,"Via Gino Graziani"
45628750,"Via Gino Graziani"
78364021,"Via Gino Graziani"
149674171,"Via Gino Romiti"
274089995,"Via Ginori"
34125237,"Via Ginori"
78360319,"Via Ginori"
193185370,"Via Giordano Bruno"
193185380,"Via Giordano Bruno"
193185382,"Via Giordano Bruno"
25901905,"Via Giordano Bruno"
28297367,"Via Giordano Bruno"
137324787,"Via Giorgio Byron"
207529652,"Via Giorgio Byron"
207529653,"Via Giorgio Byron"
207529654,"Via Giorgio Byron"
207529655,"Via Giorgio Byron"
207529791,"Via Giorgio Byron"
72473715,"Via Giorgio Byron"
72473721,"Via Giorgio Byron"
134197260,"Via Giorgio Fontanelli"
134470063,"Via Giorgio La Pira"
201625094,"Via Giorgio Rodocanacchi"
28803324,"Via Giosuè Borsi"
107825425,"Via Giotto"
174614031,"Via Giotto"
196927347,"Via Giotto"
196927348,"Via Giotto"
197592813,"Via Giotto"
32792558,"Via Giotto"
32792560,"Via Giotto"
77097366,"Via Giotto"
134219482,"Via Giotto Ciardi"
208643924,"Via Giotto Ciardi"
208643925,"Via Giotto Ciardi"
22726435,"Via Giotto Ciardi"
237527580,"Via Giotto Ciardi"
33182735,"Via Giotto Ciardi"
71500753,"Via Giotto Ciardi"
25922718,"Via Giovan Battista Giacomelli"
126624493,"Via Giovan Battista Guarini"
126624494,"Via Giovan Battista Guarini"
29071187,"Via Giovan Battista Guarini"
28897397,"Via Giovan Battista Lulli"
30840381,"Via Giovannetti"
89578707,"Via Giovanni Ambrogio Mazenta"
154567203,"Via Giovanni Amendola"
191695584,"Via Giovanni Amendola"
32518752,"Via Giovanni Bartolena"
29114216,"Via Giovanni Battista Vico"
29114217,"Via Giovanni Battista Vico"
28803322,"Via Giovanni Cosimo Bonomo"
29087241,"Via Giovanni Cosimo Bonomo"
139567263,"Via Giovanni Doveri"
139567264,"Via Giovanni Doveri"
23682033,"Via Giovanni Doveri"
279371519,"Via Giovanni Gelati"
279371520,"Via Giovanni Gelati"
281627638,"Via Giovanni Gelati"
43942860,"Via Giovanni Giolitti"
30278131,"Via Giovanni Guarducci"
142613075,"Via Giovanni Lomi"
28919928,"Via Giovanni March"
197705351,"Via Giovanni Marchi"
36825014,"Via Giovanni Marchi"
28556681,"Via Giovanni Marradi"
29375961,"Via Giovanni Marradi"
87997283,"Via Giovanni Paganucci"
164652109,"Via Giovanni Pascoli"
164652110,"Via Giovanni Pascoli"
25347533,"Via Giovanni Pascoli"
25347535,"Via Giovanni Pascoli"
30816491,"Via Giovanni Pascoli"
31064581,"Via Giovanni Pascoli"
159521318,"Via Giovanni Piccioni"
174639651,"Via Giovanni Piccioni"
250367135,"Via Giovanni Piccioni"
250367136,"Via Giovanni Piccioni"
250367137,"Via Giovanni Piccioni"
130912241,"Via Giovanni Puntoni"
29907640,"Via Giovanni Randaccio"
138785602,"Via Giovanni Salvestri"
30628746,"Via Giovanni Salvestri"
30630318,"Via Giovanni Salvestri"
30630319,"Via Giovanni Salvestri"
89002874,"Via Giovanni Salvestri"
28308484,"Via Giovanni Targioni Tozzetti"
142966719,"Via Giovanni Verga"
29421120,"Via Giovanni Verga"
74635256,"Via Giovanni Verga"
119016362,"Via Giovanni Villani"
207529656,"Via Giovanni XXIII"
207529657,"Via Giovanni XXIII"
207529658,"Via Giovanni XXIII"
316110700,"Via Giovanni XXIII"
316110701,"Via Giovanni XXIII"
316110702,"Via Giovanni XXIII"
316110703,"Via Giovanni XXIII"
316110704,"Via Giovanni XXIII"
138785603,"Via Giovanni Zanacchini"
28803337,"Via Giovanni da Verrazzano"
29114201,"Via Giovanni da Verrazzano"
34953061,"Via Giovanni da Verrazzano"
93890983,"Via Giovanni del Fantasia"
157541604,"Via Giuliana"
30630037,"Via Giuliano Ricci"
194360926,"Via Giulio Anzillotti"
28851421,"Via Giulio Anzillotti"
28897398,"Via Giulio Anzillotti"
153891771,"Via Giulio Cesare Vinzio"
30628747,"Via Giulio Cesare Vinzio"
28782713,"Via Giulio Perini"
29087252,"Via Giuseppe Baldini"
71884418,"Via Giuseppe Bandi"
34156430,"Via Giuseppe Cambini"
34156433,"Via Giuseppe Cambini"
270332377,"Via Giuseppe Cesare Abba"
40645423,"Via Giuseppe Chiarini"
72135286,"Via Giuseppe Chiarini"
58665498,"Via Giuseppe Coen"
140037176,"Via Giuseppe Garibaldi"
168882300,"Via Giuseppe Garibaldi"
168882301,"Via Giuseppe Garibaldi"
92241010,"Via Giuseppe Garibaldi"
92241025,"Via Giuseppe Garibaldi"
79630451,"Via Giuseppe Giusti"
197705348,"Via Giuseppe Maria Terreni"
30029740,"Via Giuseppe Maria Terreni"
28432672,"Via Giuseppe Micali"
85586802,"Via Giuseppe Pietri"
135476308,"Via Giuseppe Piombanti"
32793888,"Via Giuseppe Ravizza"
29421080,"Via Giuseppe Romita"
29421092,"Via Giuseppe Romita"
29421136,"Via Giuseppe Romita"
29976068,"Via Giuseppe Romita"
159376898,"Via Giuseppe Schiavazzi"
286882647,"Via Giuseppe Schiavazzi"
286882648,"Via Giuseppe Schiavazzi"
114113034,"Via Giuseppe Verdi"
34129023,"Via Giuseppe Verdi"
107822597,"Via Glauco Masi"
240051591,"Via Glauco Masi"
154239049,"Via Goffredo Lepori"
154239052,"Via Goffredo Lepori"
154239053,"Via Goffredo Lepori"
28803328,"Via Goito"
122901744,"Via Grande"
122901746,"Via Grande"
136306540,"Via Grande"
139567251,"Via Grande"
139567254,"Via Grande"
139718790,"Via Grande"
161255447,"Via Grande"
161255448,"Via Grande"
161487287,"Via Grande"
171767576,"Via Grecia"
150096618,"Via Grotta delle fate"
150096627,"Via Grotta delle fate"
150096631,"Via Grotta delle fate"
150096638,"Via Grotta delle fate"
195560167,"Via Grotta delle fate"
25787091,"Via Grotta delle fate"
60174228,"Via Grotta delle fate"
107825388,"Via Guadalajara"
146953754,"Via Guadalajara"
157595453,"Via Guadalajara"
157595454,"Via Guadalajara"
196927349,"Via Guadalajara"
196927350,"Via Guadalajara"
196927351,"Via Guadalajara"
262241003,"Via Guadalajara"
262241005,"Via Guadalajara"
89728202,"Via Guadalajara"
89728229,"Via Guadalajara"
89728236,"Via Guadalajara"
60174201,"Via Guelfo Civinini"
114102519,"Via Guglielmo Micheli"
216555559,"Via Guglielmo Micheli"
87997256,"Via Guglielmo Micheli"
29087249,"Via Guglielmo Oberdan"
112314189,"Via Guglielmo Romiti"
150027875,"Via Guido Bedarida"
150027888,"Via Guido Bedarida"
163502598,"Via Guido Bedarida"
80864347,"Via Guido Cantini"
28308486,"Via Guido D'Arezzo"
29071185,"Via Guido Gozzano"
61982273,"Via Guido Gozzer"
25347516,"Via Guido Menasci"
25347544,"Via Guido Menasci"
207532141,"Via Gustavo Salvini"
107825372,"Via Hai Phong"
107825408,"Via Hai Phong"
107825440,"Via Hai Phong"
227136582,"Via Hai Phong"
227136583,"Via Hai Phong"
227136585,"Via Hai Phong"
44598100,"Via Icilio Wan Bergher"
193015307,"Via Ilario Zambelli"
32518936,"Via Ilario Zambelli"
203858176,"Via Indipendenza"
171767573,"Via Inghilterra"
171767574,"Via Inghilterra"
171767575,"Via Inghilterra"
175851755,"Via Inghilterra"
175851759,"Via Inghilterra"
175969702,"Via Inghilterra"
175969703,"Via Inghilterra"
28803310,"Via Inghilterra"
30170826,"Via Inghilterra"
34951744,"Via Irlanda"
153595705,"Via Irma Marchiani"
30278133,"Via Jacopo Sgarallino"
172072633,"Via Jean Monnet"
175969704,"Via Jean Monnet"
61982270,"Via Jerzi Sas Kulczycki"
29421076,"Via Karl Marx"
150096668,"Via L. Conti"
145325471,"Via Lamarmora"
316258142,"Via Lamarmora"
41289926,"Via Lamarmora"
44598094,"Via Lamarmora"
87997253,"Via Lanciotto Gherardi"
28702736,"Via Lazio"
28556680,"Via Leonardo Cambini"
60788344,"Via Leonardo Cambini"
112402299,"Via Leonardo Da Vinci"
112402303,"Via Leonardo Da Vinci"
115469230,"Via Leonardo Da Vinci"
134470065,"Via Leonardo Da Vinci"
134470066,"Via Leonardo Da Vinci"
229387914,"Via Leonardo Da Vinci"
236844401,"Via Leonardo Da Vinci"
260316502,"Via Leonardo Da Vinci"
263044625,"Via Leonardo Da Vinci"
263044626,"Via Leonardo Da Vinci"
263044627,"Via Leonardo Da Vinci"
263044628,"Via Leonardo Da Vinci"
27428846,"Via Leonardo Da Vinci"
27428849,"Via Leonardo Da Vinci"
27428859,"Via Leonardo Da Vinci"
27428865,"Via Leonardo Da Vinci"
35049394,"Via Leonardo Da Vinci"
37215465,"Via Leonardo Da Vinci"
37215468,"Via Leonardo Da Vinci"
61979318,"Via Leonardo Da Vinci"
61979321,"Via Leonardo Da Vinci"
85763606,"Via Leonardo Da Vinci"
85764773,"Via Leonardo Da Vinci"
28927209,"Via Lepanto"
29009731,"Via Liguria"
31149795,"Via Liguria"
143840311,"Via Lina Ferretti Mannocci"
35540251,"Via Lloyd Liewlyn"
167468691,"Via Lombardia"
167468694,"Via Lombardia"
142613076,"Via Lomi"
142613079,"Via Lomi"
142625688,"Via Lomi"
149674166,"Via Lomi"
87997300,"Via Lorenzo Gori"
153593164,"Via Luciano Bussotti"
154567208,"Via Luciano Bussotti"
286882649,"Via Ludovico Antonio Muratori"
286882650,"Via Ludovico Antonio Muratori"
286882651,"Via Ludovico Antonio Muratori"
29114218,"Via Ludovico Antonio Muratori"
30606088,"Via Ludovico Antonio Muratori"
30606089,"Via Ludovico Antonio Muratori"
70548224,"Via Ludovico Antonio Muratori"
136776329,"Via Luigi Ademollo"
35535275,"Via Luigi Ademollo"
28727651,"Via Luigi Boccherini"
34241987,"Via Luigi Bosi"
58181909,"Via Luigi Bosi"
72135281,"Via Luigi Bosi"
28297370,"Via Luigi Cherubini"
150096651,"Via Luigi Cocchella"
150096670,"Via Luigi Cocchella"
168688758,"Via Luigi Cocchella"
36375761,"Via Luigi Corti"
127906824,"Via Luigi Galvani"
134470068,"Via Luigi Galvani"
28913262,"Via Luigi Gemignani"
193015311,"Via Luigi Kossuth"
29200705,"Via Luigi Kossuth"
136940044,"Via Luigi Luzzatti"
31659534,"Via Luigi Mancini"
134470069,"Via Luigi Negrelli"
134470070,"Via Luigi Negrelli"
315780738,"Via Luigi Negrelli"
202287132,"Via Luigi Pirandello"
29183587,"Via Luigi Pirandello"
237523136,"Via Luigi Russo"
237523137,"Via Luigi Russo"
237523138,"Via Luigi Russo"
237523139,"Via Luigi Russo"
29071184,"Via Luigi Russo"
126624495,"Via Luigi Salmi"
159376899,"Via Luigi Settembrini"
198225903,"Via Luigi Settembrini"
262243102,"Via Luigi Settembrini"
29114214,"Via Luigi Settembrini"
29200709,"Via Luigi Settembrini"
30606091,"Via Luigi Settembrini"
70548216,"Via Luigi Settembrini"
212489784,"Via Luigi del Moro"
58665458,"Via Luigi del Moro"
172072634,"Via Lussemburgo"
130783732,"Via M. Del Chicca"
72230244,"Via Maestri del Lavoro"
30890471,"Via Magagnini"
208920438,"Via Magenta"
76752538,"Via Magenta"
114108751,"Via Maggi"
274089997,"Via Maggi"
274089999,"Via Maggi"
29388646,"Via Maggi"
74647640,"Via Maggi"
114108461,"Via Malta"
159927362,"Via Malta"
36375755,"Via Malta"
200351981,"Via Marche"
28702735,"Via Marche"
28702745,"Via Marche"
153593169,"Via Marco Coltellini"
191695585,"Via Marco Mastacchi"
23681622,"Via Marco Mastacchi"
142810439,"Via Margherita Kaiser Parodi"
134465828,"Via Maria Montessori"
75488515,"Via Maria Montessori"
165779196,"Via Mario Magnozzi"
35202312,"Via Mario Magnozzi"
197939632,"Via Mario Puccini"
138785605,"Via Martellini"
165779194,"Via Martin Lutero"
165779195,"Via Martin Lutero"
196212453,"Via Martin Luther King"
196212456,"Via Martin Luther King"
196212459,"Via Martin Luther King"
75488521,"Via Martin Luther King"
29421091,"Via Martiri di Via Fani"
29421116,"Via Martiri di Via Fani"
29976054,"Via Martiri di Via Fani"
29114198,"Via Masaccio"
130783751,"Via Maurizio Morini"
153595754,"Via Mauro Borgiotti"
154074878,"Via Mauro Borgiotti"
35379285,"Via Mauro Borgiotti"
193015315,"Via Medaglie d'Oro della Resistenza"
193015317,"Via Medaglie d'Oro della Resistenza"
89041433,"Via Medaglie d'Oro della Resistenza"
29375956,"Via Mentana"
92241019,"Via Mentana"
114096329,"Via Michon"
114113040,"Via Michon"
301798690,"Via Milano"
29908964,"Via Mochi"
30080810,"Via Mogadiscio"
29009730,"Via Molise"
28803329,"Via Montebello"
49615772,"Via Montegrappa"
75488528,"Via Montegrappa"
202589592,"Via Montelungo"
202589593,"Via Montelungo"
218086955,"Via Moses Montefiore"
28913249,"Via Moses Montefiore"
49615775,"Via Mulini a Vento"
29009734,"Via Napoli"
70552090,"Via Natale Betti"
60850541,"Via Nedo Nadi"
32518755,"Via Nello Danesi"
136321897,"Via Nelusco Giachini"
32543696,"Via Nelusco Giachini"
248664127,"Via Niccolò Costella"
151507879,"Via Niccolò Machiavelli"
198225904,"Via Niccolò Machiavelli"
198225905,"Via Niccolò Machiavelli"
198225906,"Via Niccolò Machiavelli"
200348053,"Via Niccolò Machiavelli"
29421069,"Via Niccolò Machiavelli"
96250533,"Via Niccolò Machiavelli"
202703739,"Via Niccolò Paganini"
203018890,"Via Niccolò Paganini"
86352817,"Via Niccolò Tommaseo"
198090051,"Via Nicola Tacchinardi"
43942861,"Via Nicolò Stenone"
202358017,"Via Nilde Iotti"
279371521,"Via Nilde Iotti"
279371522,"Via Nilde Iotti"
279371523,"Via Nilde Iotti"
279371524,"Via Nilde Iotti"
154567209,"Via Nino Bixio"
34566931,"Via Nino Bixio"
25997563,"Via Nord"
171767569,"Via Norvegia"
29009733,"Via Novorossiysk"
58665501,"Via Novorossiysk"
72473711,"Via Numa Campi"
28329348,"Via Oberdan Chiesa"
31149786,"Via Oberdan Chiesa"
221889452,"Via Odoardo Della Torre"
221889453,"Via Odoardo Della Torre"
35265767,"Via Odoardo Della Torre"
175851756,"Via Olanda"
175851757,"Via Olanda"
29009739,"Via Olanda"
150027879,"Via Olbia"
174467264,"Via Olivara"
169123196,"Via Ombrosa"
43942864,"Via Orazio Paretti"
153891781,"Via Oreste Franchini"
153891783,"Via Oreste Franchini"
153891784,"Via Oreste Franchini"
260797467,"Via Oreste Franchini"
32793892,"Via Oreste Franchini"
32914030,"Via Oreste Franchini"
28478698,"Via Orosi"
127925845,"Via Oscar Ghiglia"
32519114,"Via Oscar Ghiglia"
78360332,"Via Oscar Ghiglia"
72140757,"Via Ottaviano Targioni Tozzetti"
28432670,"Via Padre Alessandro Baroni"
134814843,"Via Padre Giovan Battista Saglietto"
134470071,"Via Padre Nicola Magri"
186496290,"Via Padre Nicola Magri"
74635245,"Via Padre Nicola Magri"
74635255,"Via Padre Nicola Magri"
25997176,"Via Palestro"
168697820,"Via Palmiro Foresi"
185779486,"Via Palmiro Foresi"
185779487,"Via Palmiro Foresi"
22726423,"Via Palmiro Foresi"
25526160,"Via Palmiro Foresi"
25526163,"Via Palmiro Foresi"
256598526,"Via Palmiro Foresi"
55079875,"Via Palmiro Foresi"
58615269,"Via Palmiro Foresi"
28329810,"Via Pannocchia"
29087243,"Via Paolo Emilio Demi"
29087245,"Via Paolo Emilio Demi"
30029747,"Via Paolo Lilla"
78173778,"Via Paolo Lilla"
29200706,"Via Paolo Vannucci"
87997204,"Via Paolo Vannucci"
30769314,"Via Pasquale Poccianti"
30029752,"Via Pasquale Villari"
30630316,"Via Pastrengo"
138497487,"Via Paul Harris"
41289925,"Via Pellegrini"
41337358,"Via Pellettier"
41696478,"Via Pellettier"
58665519,"Via Pellettier"
121067710,"Via Peppino Impastato"
121067711,"Via Peppino Impastato"
150096640,"Via Peppino Impastato"
248555070,"Via Peppino Impastato"
45484872,"Via Pera"
157595456,"Via Pergolesi"
157595457,"Via Pergolesi"
134470072,"Via Pian di Rota"
147206211,"Via Pian di Rota"
147206212,"Via Pian di Rota"
147206214,"Via Pian di Rota"
147206216,"Via Pian di Rota"
147776859,"Via Pian di Rota"
147776860,"Via Pian di Rota"
184970488,"Via Pian di Rota"
185764346,"Via Pian di Rota"
194544350,"Via Pian di Rota"
197448543,"Via Pian di Rota"
197448544,"Via Pian di Rota"
197448545,"Via Pian di Rota"
197448546,"Via Pian di Rota"
197448547,"Via Pian di Rota"
197448548,"Via Pian di Rota"
197448549,"Via Pian di Rota"
197448550,"Via Pian di Rota"
197448551,"Via Pian di Rota"
197448552,"Via Pian di Rota"
197448553,"Via Pian di Rota"
197448554,"Via Pian di Rota"
22726416,"Via Pian di Rota"
22732938,"Via Pian di Rota"
235852681,"Via Pian di Rota"
25997561,"Via Pian di Rota"
33888738,"Via Piave"
75488525,"Via Piave"
134470085,"Via Piemonte"
28702744,"Via Piemonte"
31149845,"Via Piemonte"
23682234,"Via Pier Donato Sommati"
86572793,"Via Pier Donato Sommati"
47395839,"Via Piero Aloisi"
72473725,"Via Piero Aloisi"
72473750,"Via Piero Ciampi"
153595749,"Via Piero Donnini"
153595783,"Via Piero Donnini"
153595943,"Via Piero Donnini"
221910195,"Via Piero Donnini"
221910196,"Via Piero Donnini"
221910197,"Via Piero Donnini"
221910198,"Via Piero Donnini"
28782717,"Via Piero Donnini"
28851416,"Via Piero Donnini"
35416237,"Via Piero Donnini"
25997184,"Via Piero Gobetti"
77097376,"Via Piero della Francesca"
28803323,"Via Pietro Coccoluto Ferrigni"
29030314,"Via Pietro Coccoluto Ferrigni"
134470074,"Via Pietro Colletta"
72135283,"Via Pietro Cossa"
29421066,"Via Pietro Gobetti"
29375963,"Via Pietro Gori"
71884398,"Via Pietro Martini"
25347547,"Via Pietro Nardini"
30816492,"Via Pietro Nardini"
30816497,"Via Pietro Nardini"
264141914,"Via Pietro Nenni"
264141915,"Via Pietro Nenni"
31776666,"Via Pietro Nenni"
89002879,"Via Pietro Nenni"
69305775,"Via Pietro Orsilago"
36825006,"Via Pietro Paleocapa"
29094001,"Via Pietro Paoli"
137027115,"Via Pietro Tacca"
150027885,"Via Pilade Tevenè"
29009736,"Via Pilade Tevenè"
87997198,"Via Pilo Albertelli"
30890470,"Via Pio Alberto del Corona"
72473728,"Via Plinio Nomellini"
153250657,"Via Poerio"
137270823,"Via Pompilia"
47495510,"Via Pompilia"
30497190,"Via Portogallo"
202356735,"Via Primetta Cipolli Marrucci"
202358015,"Via Primetta Cipolli Marrucci"
300098763,"Via Primo Levi"
121963286,"Via Provinciale Pisana"
121963287,"Via Provinciale Pisana"
121963289,"Via Provinciale Pisana"
121963359,"Via Provinciale Pisana"
121963360,"Via Provinciale Pisana"
139567255,"Via Provinciale Pisana"
161304400,"Via Provinciale Pisana"
161304402,"Via Provinciale Pisana"
161304404,"Via Provinciale Pisana"
161304406,"Via Provinciale Pisana"
168831277,"Via Provinciale Pisana"
197448555,"Via Provinciale Pisana"
23681667,"Via Provinciale Pisana"
27317848,"Via Provinciale Pisana"
51764173,"Via Provinciale Pisana"
74635246,"Via Provinciale Pisana"
74635264,"Via Provinciale Pisana"
86127861,"Via Provinciale Pisana"
29009737,"Via Puglie"
72473749,"Via Raffaello Gambogi"
58665452,"Via Raffaello Lambruschini"
23682239,"Via Raffaello Sernesi"
29009725,"Via Razzaguta"
44780723,"Via Razzaguta"
131122426,"Via Remota"
212916839,"Via Remota"
212916843,"Via Remota"
212916848,"Via Remota"
25347536,"Via Renato Fucini"
25347537,"Via Renato Fucini"
25347538,"Via Renato Fucini"
25347539,"Via Renato Fucini"
25347559,"Via Renato Fucini"
150554004,"Via Renato Martorelli"
138497489,"Via Renato Natali"
44598095,"Via Renato Pini"
138497490,"Via Renuccio Renucci"
149674167,"Via Renuccio Renucci"
274096425,"Via Renuccio Renucci"
29907636,"Via Riccardo Cipriani"
166177843,"Via Robert Dudley"
131694667,"Via Roberto Bracco"
28803330,"Via Roma"
29114205,"Via Roma"
30496692,"Via Roma"
30499663,"Via Roma"
60788341,"Via Roma"
154343808,"Via Romania"
130783754,"Via Rosa Gattorno"
201350288,"Via Rosa Gattorno"
107827463,"Via Rosa dei Venti"
200230119,"Via Rosmini Serbati"
200230120,"Via Rosmini Serbati"
67315174,"Via Rossini"
61982289,"Via Rurik Spolidoro"
28923218,"Via Russardo Capocchi"
174849973,"Via Sabatino Lopez"
191398561,"Via Sabatino Lopez"
191398563,"Via Sabatino Lopez"
31149790,"Via Sacco e Vanzetti"
29071177,"Via Salvator Allende"
153891794,"Via Salvatore Orlando"
23681627,"Via Salvatore Orlando"
27428861,"Via Salvatore Orlando"
34951742,"Via Salvatore Orlando"
7998689,"Via Salvatore Orlando"
157541605,"Via Salvino Salvini"
87997196,"Via Salvo D'Acquisto"
23952686,"Via San Carlo"
301794763,"Via San Carlo"
301794764,"Via San Carlo"
316279061,"Via San Carlo"
165779197,"Via San Francesco"
33689579,"Via San Francesco"
84585483,"Via San Francesco"
29087238,"Via San Gaetano"
29087250,"Via San Gaetano"
212403962,"Via San Giovanni"
270356057,"Via San Giovanni"
270356058,"Via San Giovanni"
272022794,"Via San Giovanni"
58665510,"Via San Giovanni"
28927210,"Via San Jacopo in Acquaviva"
71884428,"Via San Luigi"
28433086,"Via San Marco"
28803312,"Via San Marino"
58652215,"Via San Marino"
75488520,"Via San Marino"
75488526,"Via San Marino"
150096676,"Via San Martino"
30630029,"Via San Martino"
153595656,"Via San Matteo"
28913260,"Via San Matteo"
49615777,"Via San Sebastiano"
142160649,"Via San Simone"
32914032,"Via San Simone"
134465829,"Via Sandro Botticelli"
196927353,"Via Sandro Botticelli"
202456918,"Via Sandro Pertini"
30008425,"Via Sandro Pertini"
30008426,"Via Sandro Pertini"
30008427,"Via Sandro Pertini"
89578706,"Via Sant'Agostino"
250690060,"Via Sant'Andrea"
58665512,"Via Sant'Andrea"
78541636,"Via Sant'Anna"
66000207,"Via Sant'Omobono"
222403783,"Via Santa Barbara"
69319334,"Via Santa Barbara"
78533172,"Via Santa Barbara"
134814844,"Via Santa Caterina"
251340008,"Via Santa Fortunata"
66001478,"Via Santa Fortunata"
75488523,"Via Santa Fortunata"
78845753,"Via Santa Giulia"
203184896,"Via Santa Lucia"
72473688,"Via Santa Lucia"
41337361,"Via Santa vigilia"
47657255,"Via Santelli"
41337359,"Via Santo Stefano"
71884425,"Via Santo Stefano"
36375758,"Via Sardegna"
35107452,"Via Sardi"
74975487,"Via Sardi"
166182472,"Via Scozia"
29087233,"Via Serafino De Tivoli"
34129021,"Via Serafino De Tivoli"
31026151,"Via Serristori"
258748560,"Via Shelley Percy Bysshe"
139718791,"Via Sicilia"
139718792,"Via Sicilia"
163725502,"Via Sicilia"
168688762,"Via Sicilia"
196349554,"Via Sicilia"
196349555,"Via Sicilia"
196349556,"Via Sicilia"
28330049,"Via Sicilia"
28479093,"Via Sicilia"
28479094,"Via Sicilia"
32319318,"Via Sicilia"
74653615,"Via Sicilia"
74653617,"Via Sicilia"
74653619,"Via Sicilia"
84841846,"Via Sicilia"
165943543,"Via Silvano Filippelli"
168499488,"Via Silvano Filippelli"
172848022,"Via Silvano Filippelli"
172848024,"Via Silvano Filippelli"
255534594,"Via Silvano Filippelli"
161544389,"Via Silvano Pizzi"
161544390,"Via Silvano Pizzi"
28432671,"Via Silvano Pizzi"
212847164,"Via Silvestro Lega"
30630317,"Via Silvio Bicchi"
30630321,"Via Silvio Bicchi"
30630492,"Via Silvio Bicchi"
134465830,"Via Silvio Pellico"
154343807,"Via Slovenia"
154343809,"Via Slovenia"
200823733,"Via Slovenia"
33264309,"Via Slovenia"
240288302,"Via Solferino"
28433458,"Via Solferino"
28727653,"Via Spagna"
32677153,"Via Spagna"
89041435,"Via Spalato"
30769311,"Via Sproni"
69316747,"Via Sproni"
162032931,"Via Strozzi"
270354502,"Via Strozzi"
270354503,"Via Strozzi"
279777376,"Via Strozzi"
29030317,"Via Strozzi"
78541645,"Via Strozzi"
78541646,"Via Strozzi"
166182473,"Via Svezia"
29009727,"Via Svizzera"
72473699,"Via Telemaco Signorini"
193015318,"Via Temistocle Guerrazzi"
193015320,"Via Temistocle Guerrazzi"
193015323,"Via Temistocle Guerrazzi"
193015324,"Via Temistocle Guerrazzi"
32519111,"Via Temistocle Guerrazzi"
161697474,"Via Terracini"
28913251,"Via Terracini"
30705374,"Via Terrazzini"
35555377,"Via Tesi"
28782722,"Via Tiberio Scali"
189232497,"Via Tina Di Lorenzo"
199629569,"Via Tina Di Lorenzo"
135476307,"Via Tito Speri"
203184897,"Via Tobia Smollet"
174467265,"Via Tommaso Campanella"
96250530,"Via Tommaso Corsi"
87997277,"Via Tommaso Mati"
143840312,"Via Tommaso Pendola"
164637149,"Via Tommaso Pendola"
92241024,"Via Tonci"
25453992,"Via Torino"
41337356,"Via Torretta"
139718794,"Via Toscana"
200351983,"Via Toscana"
31149791,"Via Toscana"
29030323,"Via Traversa"
28297377,"Via Trento"
42225359,"Via Trento"
28297373,"Via Trieste"
28299647,"Via Trieste"
144103638,"Via Tripoli"
28297376,"Via Tripoli"
28432657,"Via Tripoli"
35535065,"Via Tripoli"
139567259,"Via Uberto Mondolfi"
195631075,"Via Uberto Mondolfi"
195631076,"Via Uberto Mondolfi"
195631077,"Via Uberto Mondolfi"
203184898,"Via Uberto Mondolfi"
203184899,"Via Uberto Mondolfi"
212847165,"Via Uberto Mondolfi"
23315944,"Via Uberto Mondolfi"
25787092,"Via Uberto Mondolfi"
25787093,"Via Uberto Mondolfi"
34993961,"Via Uberto Mondolfi"
60174218,"Via Uberto Mondolfi"
67147736,"Via Uberto Mondolfi"
35780218,"Via Ugione"
221889454,"Via Ugo Conti"
58665443,"Via Ugo Conti"
147776862,"Via Ugo La Malfa"
147776864,"Via Ugo La Malfa"
29421073,"Via Ugo La Malfa"
29421122,"Via Ugo La Malfa"
271016407,"Via Ugo Manaresi"
32518754,"Via Ulvi Liegi"
29183585,"Via Umberto Fioravanti"
30496693,"Via Umberto Fioravanti"
46986190,"Via Umberto Lusena"
130783726,"Via Umbria"
31149679,"Via Umbria"
154343806,"Via Ungheria"
212847166,"Via Urano Sarti"
212847167,"Via Urano Sarti"
212847168,"Via Urano Sarti"
23682229,"Via Urano Sarti"
264141916,"Via Urano Sarti"
134814845,"Via Varese"
187651375,"Via Vasco Natale Jacoponi"
229385233,"Via Vasco Natale Jacoponi"
259590274,"Via Vasco Natale Jacoponi"
265715997,"Via Vasco Natale Jacoponi"
35956104,"Via Vasco Natale Jacoponi"
35956105,"Via Vasco Natale Jacoponi"
37392602,"Via Vasco Natale Jacoponi"
85764769,"Via Vasco Natale Jacoponi"
121067712,"Via Vecchia di Salviano"
157541606,"Via Vecchia di Salviano"
139718795,"Via Veneto"
28330048,"Via Veneto"
58665506,"Via Veneto"
75488529,"Via Veneto"
32543694,"Via Veterani dello Sport"
32543697,"Via Veterani dello Sport"
32543701,"Via Veterani dello Sport"
153920501,"Via Villa Glori"
153920502,"Via Villa Glori"
211769669,"Via Villa Glori"
211769670,"Via Villa Glori"
243028607,"Via Villa Glori"
28923214,"Via Villa Glori"
28923215,"Via Villa Glori"
89002903,"Via Vincenzo Cabianca"
29114212,"Via Vincenzo Cuoco"
237852729,"Via Vincenzo Gioberti"
96250534,"Via Vincenzo Gioberti"
114095823,"Via Vincenzo Malenchini"
86902895,"Via Vincenzo Malenchini"
271017528,"Via Vitalba"
31796694,"Via Vitalba"
301722296,"Via Vitaliano De Angelis"
153595956,"Via Vittor Ezio Marzocchini"
28851417,"Via Vittor Ezio Marzocchini"
226451696,"Via Vittorio Corcos"
36962243,"Via Vittorio Corcos"
93890977,"Via Vittorio Corcos"
165779199,"Via Vittorio Emanuele Orlando"
72473731,"Via Vittorio Giambruni"
33684594,"Via Vittorio Veneto"
30958423,"Via Vivoli"
150096660,"Via Voltolino Fontani"
150096678,"Via Voltolino Fontani"
229014138,"Via Voltolino Fontani"
89002889,"Via Voltolino Fontani"
287296399,"Via Walter Martigli"
29030318,"Via carraia"
23681820,"Via de Larderel"
30656822,"Via de Larderel"
161304401,"Via degli Acquaioli"
161304403,"Via degli Acquaioli"
161304405,"Via degli Acquaioli"
161304408,"Via degli Acquaioli"
161304409,"Via degli Acquaioli"
197448556,"Via degli Acquaioli"
197448557,"Via degli Acquaioli"
197448558,"Via degli Acquaioli"
197448559,"Via degli Acquaioli"
197448560,"Via degli Acquaioli"
197448561,"Via degli Acquaioli"
115890774,"Via degli Acquedotti"
135434200,"Via degli Acquedotti"
135434201,"Via degli Acquedotti"
135434237,"Via degli Acquedotti"
135434242,"Via degli Acquedotti"
149923642,"Via degli Acquedotti"
174546756,"Via degli Acquedotti"
174631220,"Via degli Acquedotti"
214277129,"Via degli Acquedotti"
23681765,"Via degli Acquedotti"
23681771,"Via degli Acquedotti"
23681777,"Via degli Acquedotti"
25787089,"Via degli Acquedotti"
25922717,"Via degli Acquedotti"
25922719,"Via degli Acquedotti"
308957259,"Via degli Acquedotti"
32708163,"Via degli Acquedotti"
69296325,"Via degli Acquedotti"
69296326,"Via degli Acquedotti"
71055062,"Via degli Acquedotti"
71417870,"Via degli Acquedotti"
74635240,"Via degli Acquedotti"
74635250,"Via degli Acquedotti"
107822606,"Via degli Agricoltori"
183060563,"Via degli Agricoltori"
164652111,"Via degli Albatri"
146977916,"Via degli Ammazzatoi"
28390681,"Via degli Ammazzatoi"
23952711,"Via degli Apostoli"
198090052,"Via degli Archi"
198090053,"Via degli Archi"
198090054,"Via degli Archi"
198090055,"Via degli Archi"
197448562,"Via degli Arrotini"
197448563,"Via degli Arrotini"
197448564,"Via degli Arrotini"
197448565,"Via degli Arrotini"
28919930,"Via degli Arrotini"
28919934,"Via degli Arrotini"
72137167,"Via degli Asili"
193015325,"Via degli Ebrei Vittime del Nazismo"
193015326,"Via degli Ebrei Vittime del Nazismo"
32519112,"Via degli Ebrei Vittime del Nazismo"
221882987,"Via degli Etruschi"
221882988,"Via degli Etruschi"
30961498,"Via degli Etruschi"
35213526,"Via degli Etruschi"
58665504,"Via degli Etruschi"
58665505,"Via degli Etruschi"
74653620,"Via degli Etruschi"
29071178,"Via degli Oleandri"
29114211,"Via degli Oleandri"
29200711,"Via degli Oleandri"
29200712,"Via degli Oleandri"
51764995,"Via degli Oleastri"
28953879,"Via degli Scalpellini"
29071181,"Via degli Scarronzoni"
29071182,"Via degli Scarronzoni"
34991698,"Via dei Bagnetti"
275297209,"Via dei Bagni"
30923942,"Via dei Bagni"
146977917,"Via dei Bottini dell'Olio"
75488517,"Via dei Bottini dell'Olio"
31799176,"Via dei Canali"
92242407,"Via dei Carabinieri"
157541607,"Via dei Carrozzieri"
316279062,"Via dei Carrozzieri"
30849530,"Via dei Cavalieri"
67312078,"Via dei Cavalieri"
127505254,"Via dei Cimiteri"
191695586,"Via dei Cipressi"
25997185,"Via dei Cipressi"
40682015,"Via dei Cipressi"
135434197,"Via dei Condotti vecchi"
22726432,"Via dei Condotti vecchi"
23814452,"Via dei Condotti vecchi"
23814453,"Via dei Condotti vecchi"
23814455,"Via dei Condotti vecchi"
25922715,"Via dei Condotti vecchi"
25922716,"Via dei Condotti vecchi"
134470075,"Via dei Cordai"
28953881,"Via dei Fabbri"
208625413,"Via dei Falchi"
58181914,"Via dei Fanciulli"
60927351,"Via dei Floridi"
131210105,"Via dei Fondacci"
131210107,"Via dei Fondacci"
67315172,"Via dei Fulgidi"
28803331,"Via dei Funaioli"
130777856,"Via dei Gerani"
315669252,"Via dei Gerani"
144531262,"Via dei Ginepri"
271016399,"Via dei Ginepri"
271016400,"Via dei Ginepri"
30816488,"Via dei Gower"
130777797,"Via dei L'Ongrilli"
183056145,"Via dei L'Ongrilli"
183056146,"Via dei L'Ongrilli"
48128804,"Via dei L'Ongrilli"
41080964,"Via dei Lanzi"
81299863,"Via dei Lanzi"
315368252,"Via dei Lillà"
25347532,"Via dei Macchiaioli"
30816496,"Via dei Macchiaioli"
197448566,"Via dei Materassai"
93890970,"Via dei Mulinacci"
134814842,"Via dei Mulini"
34241988,"Via dei Mulini"
58181915,"Via dei Mulini"
58181916,"Via dei Mulini"
58181918,"Via dei Mulini"
150096650,"Via dei Pelaghi"
176617219,"Via dei Pelaghi"
176617220,"Via dei Pelaghi"
176617221,"Via dei Pelaghi"
30451457,"Via dei Pelaghi"
32319319,"Via dei Pelaghi"
74653618,"Via dei Pelaghi"
117410190,"Via dei Pensieri"
117410193,"Via dei Pensieri"
117410196,"Via dei Pensieri"
117410205,"Via dei Pensieri"
117410210,"Via dei Pensieri"
117410214,"Via dei Pensieri"
207101566,"Via dei Pensieri"
208801147,"Via dei Pensieri"
34953067,"Via dei Pensieri"
35540255,"Via dei Pensieri"
70550693,"Via dei Pensieri"
29030316,"Via dei Pescatori"
130783743,"Via dei Poderi"
159757757,"Via dei Poderi"
159757758,"Via dei Poderi"
200764817,"Via dei Poderi"
200764818,"Via dei Poderi"
174496987,"Via dei Salici"
174497024,"Via dei Salici"
159927366,"Via dei Sette Santi"
159927368,"Via dei Sette Santi"
272828304,"Via dei Sette Santi"
31659417,"Via dei Sette Santi"
28919932,"Via dei Soffiatori del Vetro"
134470076,"Via dei Tranquilli"
134470077,"Via dei Trasportatori"
34953063,"Via dei Vecchi Orti"
114098464,"Via del Bastione"
28389584,"Via del Bosco"
157541608,"Via del Cardinale"
29375966,"Via del Cardinale"
60927356,"Via del Casino"
137324761,"Via del Castellaccio"
207529659,"Via del Castellaccio"
35323018,"Via del Castellaccio"
72473717,"Via del Castellaccio"
86572791,"Via del Castello"
86572797,"Via del Castello"
134814846,"Via del Cedro"
42428600,"Via del Cerro"
82226069,"Via del Collegio"
153595645,"Via del Corallo"
43169403,"Via del Corallo"
165085458,"Via del Corbolone"
165085461,"Via del Corbolone"
28899039,"Via del Corbolone"
231241702,"Via del Corbolone (Dall'Ex Molino Talco-Steatite al Tiro a volo)"
28803320,"Via del Cottolengo"
28350795,"Via del Crocino"
30816231,"Via del Crocino"
77517140,"Via del Crocino"
77517148,"Via del Crocino"
153033719,"Via del Fagiano"
29087230,"Via del Fagiano"
29087239,"Via del Fagiano"
72473710,"Via del Felciaio"
34991701,"Via del Forte San Pietro"
240345576,"Via del Gabbiano"
250690604,"Via del Gazometro"
30278441,"Via del Gazometro"
200351986,"Via del Gelsomino"
200351988,"Via del Gelsomino"
28803319,"Via del Gelsomino"
149781569,"Via del Giaggiolo"
150429469,"Via del Giaggiolo"
168499491,"Via del Giaggiolo"
168499493,"Via del Giaggiolo"
30884795,"Via del Giglio"
164652117,"Via del Glicine"
130777834,"Via del Governatore"
169123197,"Via del Governatore"
169123198,"Via del Governatore"
169123199,"Via del Governatore"
169123200,"Via del Governatore"
169123201,"Via del Governatore"
169123202,"Via del Governatore"
232381910,"Via del Governatore"
232381911,"Via del Governatore"
44598092,"Via del Lavoro"
47495512,"Via del Leone"
107827462,"Via del Limoncino"
107827465,"Via del Limoncino"
135434226,"Via del Limone"
135434229,"Via del Limone"
35361030,"Via del Limone"
35361033,"Via del Limone"
35361034,"Via del Limone"
42402824,"Via del Limone"
140034372,"Via del Littorale"
163125060,"Via del Littorale"
164644856,"Via del Littorale"
164644857,"Via del Littorale"
22726403,"Via del Littorale"
23315945,"Via del Littorale"
271016401,"Via del Littorale"
31796699,"Via del Littorale"
31796700,"Via del Littorale"
58768780,"Via del Littorale"
47495513,"Via del Mandorlo"
28702739,"Via del Mare"
107843512,"Via del Marzocco"
107843517,"Via del Marzocco"
117322758,"Via del Marzocco"
117322760,"Via del Marzocco"
134814851,"Via del Marzocco"
241085591,"Via del Marzocco"
315780739,"Via del Marzocco"
315780740,"Via del Marzocco"
315780741,"Via del Marzocco"
315780742,"Via del Marzocco"
315780743,"Via del Marzocco"
58177856,"Via del Marzocco"
92248283,"Via del Metallo"
142898420,"Via del Molo Mediceo"
142898422,"Via del Molo Mediceo"
191284266,"Via del Molo Mediceo"
191284267,"Via del Molo Mediceo"
191284268,"Via del Molo Mediceo"
191284270,"Via del Molo Mediceo"
191284271,"Via del Molo Mediceo"
23952769,"Via del Molo Mediceo"
242392582,"Via del Molo Mediceo"
242392583,"Via del Molo Mediceo"
242392584,"Via del Molo Mediceo"
282389129,"Via del Molo Mediceo"
282389130,"Via del Molo Mediceo"
282389131,"Via del Molo Mediceo"
282389132,"Via del Molo Mediceo"
31857201,"Via del Molo Mediceo"
31857202,"Via del Molo Mediceo"
324492595,"Via del Molo Mediceo"
324492596,"Via del Molo Mediceo"
35202314,"Via del Molo Mediceo"
60927353,"Via del Monte d'Oro"
28673145,"Via del Pallone"
197705349,"Via del Panificio"
29091712,"Via del Panificio"
294491490,"Via del Pantalone"
69319338,"Via del Pantalone"
260797468,"Via del Parco"
260797469,"Via del Parco"
260797470,"Via del Parco"
89002910,"Via del Parco"
96250535,"Via del Partigiano"
193031008,"Via del Pastore"
30630494,"Via del Pastore"
32914031,"Via del Pastore"
30706193,"Via del Pettine"
130777835,"Via del Pino"
130777837,"Via del Pino"
174467266,"Via del Pino"
174467267,"Via del Pino"
174467268,"Via del Pino"
238965661,"Via del Pino"
238965662,"Via del Pino"
238965663,"Via del Pino"
238965664,"Via del Pino"
31776665,"Via del Pino"
58181912,"Via del Platano"
72473716,"Via del Poggetto"
130777860,"Via del Poggio"
174467269,"Via del Poggio"
174467270,"Via del Poggio"
174467271,"Via del Poggio"
207529660,"Via del Poggio"
207529661,"Via del Poggio"
48128787,"Via del Poggio"
33136362,"Via del Ponentino"
117160443,"Via del Ponte"
28673143,"Via del Porticciolo"
127505262,"Via del Porto"
270938238,"Via del Puntone"
169051060,"Via del Radar"
31537922,"Via del Radar"
58760582,"Via del Radar"
25997173,"Via del Riposo"
31796697,"Via del Rosmarino"
72473696,"Via del Sasso Rosso"
30705493,"Via del Seminario"
100050966,"Via del Tempio"
69319336,"Via del Tempio"
134470078,"Via del Testaio"
148638657,"Via del Testaio"
169123203,"Via del Tirreno"
192774755,"Via del Tirreno"
212847169,"Via del Tirreno"
212847170,"Via del Tirreno"
60927350,"Via del Toro"
148893766,"Via del Vaiolo"
148893767,"Via del Vaiolo"
163026338,"Via del Vaiolo"
23314690,"Via del Vaiolo"
278996689,"Via del Vaiolo"
297389482,"Via del Vaiolo"
25901907,"Via del Vascello"
174496988,"Via del Vecchio Faro"
175098093,"Via del Vecchio Faro"
32792561,"Via del Vecchio Lazzeretto"
48128810,"Via del Vecchio Lazzeretto"
154567211,"Via del Vigna"
154567220,"Via del Vigna"
41175305,"Via del Vigna"
130777862,"Via del Viperaio"
150662375,"Via del Volontariato"
23681821,"Via del Voltone"
35540252,"Via dell'Agave"
221889455,"Via dell'Alloro"
58665442,"Via dell'Alloro"
85586798,"Via dell'Ambrogiana"
212403954,"Via dell'Angiolo"
66001474,"Via dell'Angiolo"
78533173,"Via dell'Angiolo"
43942862,"Via dell'Antimonio"
153891800,"Via dell'Ardenza"
153891807,"Via dell'Ardenza"
174849975,"Via dell'Ardenza"
174849979,"Via dell'Ardenza"
174849984,"Via dell'Ardenza"
198225907,"Via dell'Ardenza"
23897109,"Via dell'Ardenza"
25787094,"Via dell'Ardenza"
30630040,"Via dell'Ardenza"
30630041,"Via dell'Ardenza"
75596916,"Via dell'Ardenza"
75596920,"Via dell'Ardenza"
30029746,"Via dell'Arena Alfieri"
153716126,"Via dell'Artigianato"
25902393,"Via dell'Artigianato"
78364022,"Via dell'Ecologia"
61981028,"Via dell'Elba"
86572784,"Via dell'Elba"
89041436,"Via dell'Erbuccia"
138231423,"Via dell'Eremo"
36375760,"Via dell'Eremo"
129521356,"Via dell'Industria"
30170831,"Via dell'O.N.U."
30840326,"Via dell'Olmo"
58665529,"Via dell'Olmo"
134203592,"Via dell'Origine"
30958425,"Via dell'Origine"
33891246,"Via dell'Origine"
72137173,"Via dell'Origine"
72137175,"Via dell'Origine"
79650048,"Via dell'Origine"
30705376,"Via dell'Oriolino"
212402287,"Via dell'Uffizio dei Grani"
107827455,"Via dell'Uliveta"
135434203,"Via dell'Uliveta"
135434206,"Via dell'Uliveta"
135434209,"Via dell'Uliveta"
135434212,"Via dell'Uliveta"
138497491,"Via dell'Uliveta"
138497492,"Via dell'Uliveta"
138497493,"Via dell'Uliveta"
138497495,"Via dell'Uliveta"
138497497,"Via dell'Uliveta"
147778426,"Via dell'Uliveta"
167826698,"Via dell'Uliveta"
167826700,"Via dell'Uliveta"
167826702,"Via dell'Uliveta"
224684955,"Via dell'Uliveta"
32792854,"Via dell'Uliveta"
30630031,"Via dell'Ulivo"
129523399,"Via dell'Unghero"
189232496,"Via dell'edera"
268453919,"Via della Banca"
33689688,"Via della Banca"
275133075,"Via della Banditella"
275133076,"Via della Banditella"
28803332,"Via della Bassata"
25997172,"Via della Bastia"
30278135,"Via della Bastia"
29183586,"Via della Brigata Garibaldi"
32593767,"Via della Brigata Garibaldi"
41289924,"Via della Campana"
47657253,"Via della Cappellina"
61981030,"Via della Capraia"
168499497,"Via della Cava"
42428368,"Via della Cava"
32675400,"Via della Chiesa"
32675839,"Via della Chiesa"
30923943,"Via della Chiesa di Salviano"
116021072,"Via della Cinta Esterna"
116021074,"Via della Cinta Esterna"
116021078,"Via della Cinta Esterna"
116021079,"Via della Cinta Esterna"
140037182,"Via della Cinta Esterna"
159927369,"Via della Cinta Esterna"
230720024,"Via della Cinta Esterna"
23619759,"Via della Cinta Esterna"
28390666,"Via della Cinta Esterna"
30278442,"Via della Cinta Esterna"
30278444,"Via della Cinta Esterna"
7998691,"Via della Cinta Esterna"
7998693,"Via della Cinta Esterna"
85825974,"Via della Cinta Esterna"
87997215,"Via della Cisterna"
255398945,"Via della Coroncina"
30842329,"Via della Coroncina"
67311861,"Via della Coroncina"
29421077,"Via della Costituzione"
29421078,"Via della Costituzione"
29421135,"Via della Costituzione"
134470079,"Via della Ferrovia"
192127188,"Via della Fiera di Sant'Antonino"
28782721,"Via della Fiera di Sant'Antonino"
150554020,"Via della Fonderia"
201513723,"Via della Fonderia"
130783696,"Via della Fontanella"
130783717,"Via della Fontanella"
130783749,"Via della Fontanella"
297389483,"Via della Fonte"
297389484,"Via della Fonte"
297389485,"Via della Fonte"
72473691,"Via della Ginestra"
298049256,"Via della Giorgia"
72473694,"Via della Giuncaiola"
23682227,"Via della Gorgona"
46986187,"Via della Gorgona"
29856010,"Via della Lecceta"
146977918,"Via della Leccia"
196927354,"Via della Leccia"
196927355,"Via della Leccia"
77517945,"Via della Leccia"
89728225,"Via della Leccia"
135434215,"Via della Livornina"
153593165,"Via della Livornina"
31049215,"Via della Livornina"
33118367,"Via della Livornina"
114224700,"Via della Maddalena"
168882303,"Via della Madonna"
168882304,"Via della Madonna"
28432663,"Via della Madonna"
286853457,"Via della Madonna"
30840328,"Via della Madonna"
34990251,"Via della Madonna"
34990252,"Via della Madonna"
69316750,"Via della Madonna"
200351991,"Via della Madonnina di Coteto"
174467272,"Via della Malva"
174467273,"Via della Malva"
72473738,"Via della Malva"
61981031,"Via della Meloria"
25458969,"Via della Meridiana"
317854142,"Via della Meridiana"
157541615,"Via della Misericordia"
136321898,"Via della Pace"
32543699,"Via della Pace"
107827488,"Via della Padula"
135434236,"Via della Padula"
135434245,"Via della Padula"
144163138,"Via della Padula"
183060564,"Via della Padula"
33136361,"Via della Padula"
58665455,"Via della Pieve"
30706189,"Via della Pina D'Oro"
137324764,"Via della Porcigliana"
207529662,"Via della Porcigliana"
207529663,"Via della Porcigliana"
222403784,"Via della Posta"
294491491,"Via della Posta"
31853988,"Via della Posta"
67316226,"Via della Posta"
143840313,"Via della Principessa"
174849981,"Via della Prugnoliccia"
72473708,"Via della Prugnoliccia"
37550775,"Via della Querceta"
35361031,"Via della Querciolaia"
41484446,"Via della Ragnaia"
58181921,"Via della Rondinella"
169123204,"Via della Salita di Montenero"
307584308,"Via della Salita di Montenero"
37550777,"Via della Salita di Montenero"
37551108,"Via della Salita di Montenero"
203184900,"Via della Salute"
23682228,"Via della Salute"
72473706,"Via della Salute"
140925391,"Via della Sambuca"
169051061,"Via della Sambuca"
169051062,"Via della Sambuca"
226915451,"Via della Sambuca"
31537923,"Via della Sambuca"
136306541,"Via della Scala"
37401962,"Via della Scala"
159518180,"Via della Scopaia"
171767572,"Via della Scopaia"
44780725,"Via della Scopaia"
203184901,"Via della Scuola Comunale"
72473733,"Via della Scuola Comunale"
86572789,"Via della Scuola Comunale"
27384328,"Via della Stazione"
242932268,"Via della Torre Nuova"
242932269,"Via della Torre dell'Orologio"
226915452,"Via della Valle Benedetta"
29020454,"Via della Valle Benedetta"
32317740,"Via della Valle Benedetta"
32792852,"Via della Valle Benedetta"
114090065,"Via della Vecchia Casina"
114098138,"Via della Vecchia Casina"
117160444,"Via della Vecchia Polveriera"
232381912,"Via della Vecchia Salita di Montenero"
236078772,"Via della Vecchia Salita di Montenero"
136656154,"Via della Venezia"
146977919,"Via della Venezia"
146977920,"Via della Venezia"
28390670,"Via della Venezia"
28432662,"Via della Venezia"
34244938,"Via della Venezia"
134814849,"Via della Voltina"
70548220,"Via delle Abetelle"
34244943,"Via delle Acciughe"
35107453,"Via delle Bandierine"
74975486,"Via delle Bandierine"
242931630,"Via delle Capanne"
77501689,"Via delle Case rosse"
148893414,"Via delle Cateratte"
148893417,"Via delle Cateratte"
28913256,"Via delle Cateratte"
36825002,"Via delle Cateratte"
196215467,"Via delle Cave"
295995003,"Via delle Commedie"
295995005,"Via delle Commedie"
49615771,"Via delle Commedie"
212489785,"Via delle Conce"
89578708,"Via delle Conce"
28953882,"Via delle Corallaie"
107825390,"Via delle Corti"
140665000,"Via delle Corti"
166182474,"Via delle Corti"
166182475,"Via delle Corti"
242392669,"Via delle Crociere"
7998697,"Via delle Crociere"
195560171,"Via delle Erbe"
164652113,"Via delle Eriche"
130777815,"Via delle Fattorie"
257979177,"Via delle Fattorie"
203184902,"Via delle Fornaci"
203184903,"Via delle Fornaci"
203184904,"Via delle Fornaci"
72473736,"Via delle Fornaci"
168882305,"Via delle Galere"
222403785,"Via delle Galere"
67316228,"Via delle Galere"
76807332,"Via delle Galere"
27543726,"Via delle Gardenie"
161764720,"Via delle Ghiandaie"
168499503,"Via delle Ghiandaie"
212916852,"Via delle Ghiandaie"
237744458,"Via delle Ghiandaie"
48128752,"Via delle Ghiandaie"
48394105,"Via delle Ghiandaie"
212916953,"Via delle Gore"
237744459,"Via delle Gore"
57776604,"Via delle Gore"
96250528,"Via delle Grazie"
195007007,"Via delle Guglie"
240288305,"Via delle Lastre"
35076449,"Via delle Lastre"
107825368,"Via delle Macchie"
134465836,"Via delle Macchie"
135434218,"Via delle Macchie"
135434219,"Via delle Macchie"
147778427,"Via delle Macchie"
168592982,"Via delle Macchie"
183060565,"Via delle Macchie"
183060566,"Via delle Macchie"
224809870,"Via delle Macchie"
72474034,"Via delle Macchie"
159376902,"Via delle Margherite"
159376904,"Via delle Margherite"
32767202,"Via delle Mimose"
131121023,"Via delle More"
221415944,"Via delle More"
51764997,"Via delle Mortelle"
36962244,"Via delle Navi"
315669254,"Via delle Ortensie"
97222738,"Via delle Ortensie"
207529664,"Via delle Pianacce"
275133077,"Via delle Pianacce"
30900161,"Via delle Pianacce"
86572781,"Via delle Pianacce"
86572783,"Via delle Pianacce"
86572788,"Via delle Pianacce"
198225908,"Via delle Regate"
32593865,"Via delle Robinie"
28454885,"Via delle Rose"
315368250,"Via delle Rose"
315669256,"Via delle Rose"
315669257,"Via delle Rose"
31857387,"Via delle Siepi"
84485667,"Via delle Siepi"
115544327,"Via delle Sorgenti"
147206217,"Via delle Sorgenti"
147206219,"Via delle Sorgenti"
147206221,"Via delle Sorgenti"
147206223,"Via delle Sorgenti"
147206225,"Via delle Sorgenti"
148625399,"Via delle Sorgenti"
148625403,"Via delle Sorgenti"
153595757,"Via delle Sorgenti"
153595923,"Via delle Sorgenti"
163279324,"Via delle Sorgenti"
179314470,"Via delle Sorgenti"
194544351,"Via delle Sorgenti"
194544352,"Via delle Sorgenti"
194544353,"Via delle Sorgenti"
194544354,"Via delle Sorgenti"
194544355,"Via delle Sorgenti"
194544356,"Via delle Sorgenti"
194544357,"Via delle Sorgenti"
206586731,"Via delle Sorgenti"
208922925,"Via delle Sorgenti"
23681767,"Via delle Sorgenti"
23681782,"Via delle Sorgenti"
23681796,"Via delle Sorgenti"
23683664,"Via delle Sorgenti"
245718315,"Via delle Sorgenti"
245718316,"Via delle Sorgenti"
245718317,"Via delle Sorgenti"
245718318,"Via delle Sorgenti"
245718319,"Via delle Sorgenti"
25460268,"Via delle Sorgenti"
25460269,"Via delle Sorgenti"
266592591,"Via delle Sorgenti"
266592592,"Via delle Sorgenti"
266596657,"Via delle Sorgenti"
266596660,"Via delle Sorgenti"
268942191,"Via delle Sorgenti"
268942192,"Via delle Sorgenti"
268942193,"Via delle Sorgenti"
28782712,"Via delle Sorgenti"
297045136,"Via delle Sorgenti"
297045137,"Via delle Sorgenti"
30160236,"Via delle Sorgenti"
321636472,"Via delle Sorgenti"
321636474,"Via delle Sorgenti"
32708248,"Via delle Sorgenti"
48851070,"Via delle Sorgenti"
58769616,"Via delle Sorgenti"
74635257,"Via delle Sorgenti"
74635269,"Via delle Sorgenti"
74635481,"Via delle Sorgenti"
86063413,"Via delle Sorgenti"
89002887,"Via delle Tamerici"
30278440,"Via delle Travi"
29009732,"Via delle Tuberose"
42428369,"Via delle Vallicelle"
32675404,"Via delle Vedute"
114098140,"Via delle Vele"
169123233,"Via delle Vignacce"
29856008,"Via delle Vignacce"
174496991,"Via delle Villette"
174496992,"Via delle Villette"
88306715,"Via delle Villette"
107825391,"Via delle Viole"
315669259,"Via delle Viole"
33580232,"Via delle Viole"
175917233,"Via dello Scolmatore"
175917234,"Via dello Scolmatore"
175917235,"Via dello Scolmatore"
57776605,"Via dello Stillo"
152541588,"Via dello Struggino"
127505257,"Via di Cala Martina"
130783716,"Via di Campo al Lupo"
174496993,"Via di Campo al Lupo"
150040250,"Via di Collinaia"
150040251,"Via di Collinaia"
157595462,"Via di Collinaia"
159675409,"Via di Collinaia"
172497237,"Via di Collinaia"
172497238,"Via di Collinaia"
172497239,"Via di Collinaia"
174614032,"Via di Collinaia"
175851758,"Via di Collinaia"
200764917,"Via di Collinaia"
201350289,"Via di Collinaia"
201350290,"Via di Collinaia"
224309273,"Via di Collinaia"
30181861,"Via di Collinaia"
51701800,"Via di Collinaia"
77517142,"Via di Collinaia"
77517151,"Via di Collinaia"
89728201,"Via di Collinaia"
157541609,"Via di Colline"
169259910,"Via di Colline"
31026153,"Via di Franco"
72474031,"Via di Grecale"
121067713,"Via di Levante"
121067714,"Via di Levante"
157595463,"Via di Levante"
188281140,"Via di Levante"
23682056,"Via di Levante"
25347524,"Via di Levante"
25347525,"Via di Levante"
29858646,"Via di Levante"
29858648,"Via di Levante"
303878188,"Via di Levante"
303878189,"Via di Levante"
303878190,"Via di Levante"
303878191,"Via di Levante"
107827466,"Via di Libeccio"
107827473,"Via di Libeccio"
134465831,"Via di Maestrale"
107825383,"Via di Magrignano"
112294177,"Via di Montenero"
130783701,"Via di Montenero"
130783723,"Via di Montenero"
139567260,"Via di Montenero"
139570540,"Via di Montenero"
140034373,"Via di Montenero"
173129960,"Via di Montenero"
173129961,"Via di Montenero"
173129962,"Via di Montenero"
255102146,"Via di Montenero"
255102154,"Via di Montenero"
29184399,"Via di Montenero"
48163905,"Via di Montenero"
60174217,"Via di Montenero"
60174229,"Via di Montenero"
135109949,"Via di Monterotondo"
135109950,"Via di Monterotondo"
145483697,"Via di Monterotondo"
145483698,"Via di Monterotondo"
169485978,"Via di Monterotondo"
169485979,"Via di Monterotondo"
35983242,"Via di Monterotondo"
35983244,"Via di Monterotondo"
192474611,"Via di Ostro"
236635511,"Via di Ostro"
236635512,"Via di Ostro"
93462916,"Via di Ostro"
127720571,"Via di Popogna"
130783744,"Via di Popogna"
142617473,"Via di Popogna"
142617474,"Via di Popogna"
151940752,"Via di Popogna"
151940753,"Via di Popogna"
151940754,"Via di Popogna"
151940756,"Via di Popogna"
198225909,"Via di Popogna"
200348054,"Via di Popogna"
23896958,"Via di Popogna"
279360064,"Via di Popogna"
279360065,"Via di Popogna"
29009742,"Via di Popogna"
30816229,"Via di Popogna"
35265765,"Via di Popogna"
44444008,"Via di Popogna"
44444009,"Via di Popogna"
44780716,"Via di Popogna"
44780719,"Via di Popogna"
44780720,"Via di Popogna"
58665441,"Via di Popogna"
70548214,"Via di Popogna"
70548218,"Via di Popogna"
93135421,"Via di Popogna"
130777829,"Via di Quercianella"
135549902,"Via di Quercianella"
135549908,"Via di Quercianella"
135549911,"Via di Quercianella"
137324778,"Via di Quercianella"
137324781,"Via di Quercianella"
238130460,"Via di Quercianella"
107825411,"Via di Salviano"
139718796,"Via di Salviano"
142704974,"Via di Salviano"
142704976,"Via di Salviano"
157541610,"Via di Salviano"
157541611,"Via di Salviano"
157541612,"Via di Salviano"
157541613,"Via di Salviano"
157595465,"Via di Salviano"
157595469,"Via di Salviano"
274096427,"Via di Salviano"
274096428,"Via di Salviano"
274096430,"Via di Salviano"
28987757,"Via di Salviano"
28987758,"Via di Salviano"
51701799,"Via di Salviano"
75488514,"Via di Salviano"
169487236,"Via di Sant'Alò"
169487237,"Via di Sant'Alò"
48163891,"Via di Sant'Alò"
135434222,"Via di Scirocco"
135434224,"Via di Scirocco"
93462903,"Via di Scirocco"
93462906,"Via di Scirocco"
29421097,"Via di Suese"
29421113,"Via di Suese"
33182546,"Via di Tramontana"
42832219,"Via di Tramontana"
42832220,"Via di Tramontana"
169101664,"Via di Vallin Buio"
169101665,"Via di Vallin Buio"
54674593,"Via di Vallin Buio"
78364017,"Via di Vallin Buio"
135434231,"Via don Aldo Mei"
135434232,"Via don Aldo Mei"
135434235,"Via don Aldo Mei"
140037185,"Via don Aldo Mei"
140037187,"Via don Aldo Mei"
25902392,"Via don Aldo Mei"
25997186,"Via don Aldo Mei"
153593168,"Via don David Albertario"
30769309,"Via don David Albertario"
107827480,"Via don Maggini"
208922927,"Via vecchia del Picchianti"
140034376,"Viale Amerigo Vespucci"
61981026,"Viale Amerigo Vespucci"
91888930,"Viale Amerigo Vespucci"
23681848,"Viale Avvalorati"
29030315,"Viale Avvalorati"
136656155,"Viale Caprera"
146977921,"Viale Caprera"
28390680,"Viale Caprera"
28432660,"Viale Caprera"
78267868,"Viale Caprera"
250682423,"Viale Cassa di Risparmio"
30029732,"Viale Cassa di Risparmio"
28702746,"Viale Fabbricotti"
321501217,"Viale Fabbricotti"
321501218,"Viale Fabbricotti"
25347545,"Viale Francesco Petrarca"
258932143,"Viale Francesco Petrarca"
35205007,"Viale Francesco Petrarca"
149599148,"Viale Genova"
159512381,"Viale Genova"
27428874,"Viale Genova"
34951740,"Viale Genova"
115890781,"Viale Giosuè Carducci"
115890794,"Viale Giosuè Carducci"
23681812,"Viale Giosuè Carducci"
23681813,"Viale Giosuè Carducci"
23681815,"Viale Giosuè Carducci"
23814462,"Viale Giosuè Carducci"
258932145,"Viale Giosuè Carducci"
28299645,"Viale Giosuè Carducci"
28299648,"Viale Giosuè Carducci"
28766563,"Viale Giosuè Carducci"
28785175,"Viale Giosuè Carducci"
28862687,"Viale Giosuè Carducci"
30029748,"Viale Giosuè Carducci"
35535064,"Viale Giosuè Carducci"
35535146,"Viale Giosuè Carducci"
49056233,"Viale Giosuè Carducci"
78438415,"Viale Giosuè Carducci"
78438418,"Viale Giosuè Carducci"
78442690,"Viale Giosuè Carducci"
23682014,"Viale Giovanni Boccaccio"
23896919,"Viale Giovanni Boccaccio"
248039525,"Viale Giovanni Boccaccio"
258932146,"Viale Giovanni Boccaccio"
28803335,"Viale Giovanni Boccaccio"
35205008,"Viale Giovanni Boccaccio"
7998690,"Viale Giovanni Boccaccio"
28297365,"Viale Giovanni Fattori"
28329812,"Viale Giovanni Fattori"
127925849,"Viale Goffredo Mameli"
193015327,"Viale Goffredo Mameli"
28556679,"Viale Goffredo Mameli"
29087235,"Viale Guglielmo Marconi"
23681660,"Viale Ippolito Nievo"
258932147,"Viale Ippolito Nievo"
52579653,"Viale Ippolito Nievo"
72230240,"Viale Ippolito Nievo"
78442689,"Viale Ippolito Nievo"
116019320,"Viale Italia"
143742798,"Viale Italia"
172674545,"Viale Italia"
172674548,"Viale Italia"
172674552,"Viale Italia"
172674556,"Viale Italia"
208801148,"Viale Italia"
208801149,"Viale Italia"
208801151,"Viale Italia"
208801158,"Viale Italia"
214119788,"Viale Italia"
23952567,"Viale Italia"
23952572,"Viale Italia"
34953062,"Viale Italia"
58665456,"Viale Italia"
58665461,"Viale Italia"
58665462,"Viale Italia"
87997232,"Viale Italia"
147774589,"Viale Loggiato Nord"
146064241,"Viale Monumentale"
142633395,"Viale Nazario Sauro"
145643564,"Viale Nazario Sauro"
198225911,"Viale Nazario Sauro"
207101568,"Viale Nazario Sauro"
207101572,"Viale Nazario Sauro"
207101577,"Viale Nazario Sauro"
227339148,"Viale Nazario Sauro"
227339149,"Viale Nazario Sauro"
227339150,"Viale Nazario Sauro"
23897110,"Viale Nazario Sauro"
28803334,"Viale Nazario Sauro"
61983174,"Viale Rosa del Tirreno"
23681691,"Viale Ugo Foscolo"
28851419,"Viale Ugo Foscolo"
115890797,"Viale Vittorio Alfieri"
228319189,"Viale Vittorio Alfieri"
228319190,"Viale Vittorio Alfieri"
28432667,"Viale Vittorio Alfieri"
28479359,"Viale Vittorio Alfieri"
200502108,"Viale dei Pini"
202287135,"Viale dei Pini"
202287138,"Viale dei Pini"
29183584,"Viale dei Pini"
29183588,"Viale dei Pini"
88306713,"Viale dei Vallombrosani"
88306718,"Viale dei Vallombrosani"
88306731,"Viale dei Vallombrosani"
28478688,"Viale del Risorgimento"
41175307,"Viale del Risorgimento"
23683998,"Viale del Tirreno"
32549245,"Viale del Tirreno"
146064244,"Viale dell'Intercolonio"
44780717,"Viale della Città del Vaticano"
44780722,"Viale della Città del Vaticano"
29183590,"Viale della Libertà"
75596913,"Viale della Libertà"
140034374,"Viale di Antignano"
143840314,"Viale di Antignano"
163125062,"Viale di Antignano"
163475764,"Viale di Antignano"
203184905,"Viale di Antignano"
203184906,"Viale di Antignano"
23619757,"Viale di Antignano"
60174195,"Viale di Antignano"
60174220,"Viale di Antignano"
61981027,"Viale di Antignano"
231241726,"Vialetto laterale nel Parco del Cisternino"
86902894,"Vicolo San Vincenzo"
86902919,"Vicolo San Vincenzo"
157541614,"Vicolo degli Asini"
151791804,"Vicolo dei Vetrai"
169123205,"Vicolo del Baratto"
316110705,"Vicolo del Baratto"
143840317,"Vicolo della Dogana"
134470080,"Vicolo della Pergola"
134470081,"Vicolo delle Lavandaie"
35076452,"Vicolo delle Rimesse"
253242343,"corta del Poggio Pelato"
